time,L_theta_total,L_phi_total,mean_theta_dot,mean_phi_dot,L_theta_ring0,omega_theta_ring0,L_theta_ring1,omega_theta_ring1,L_theta_ring2,omega_theta_ring2,L_theta_ring3,omega_theta_ring3,rel_omega_theta,rel_omega_phi
47.7000,-85.351272,-237.237990,-0.398240,-2.372380,109.334438,0.843985,-26.700069,-0.449254,-338.205768,-1.657320,0.000000,0.000000,-1.293239,11.245034
47.7250,-204.791493,-229.280686,-0.402859,-2.292807,-187.890205,-0.862316,-66.505288,-0.044212,0.000000,0.000000,0.000000,0.000000,0.818104,-0.146219
47.7500,200.780228,76.697731,-0.162051,0.766977,-856.913929,-2.426182,1049.269333,2.075189,0.000000,0.000000,0.000000,0.000000,4.501371,-3.516383
47.7750,-157.417946,-128.683987,0.259333,-1.286840,50.332655,0.973821,-219.032913,-0.469173,0.000000,0.000000,0.000000,0.000000,-1.442994,0.763535
47.8000,-169.788500,37.105849,-0.452023,0.371058,-146.770695,-0.503568,19.985805,-0.364030,0.000000,0.000000,0.000000,0.000000,0.139539,4.342112
47.8250,-87.457272,178.633606,0.157555,1.786336,17.276644,0.191872,-441.507141,-4.445960,98.711810,0.850900,0.000000,0.000000,-4.637832,2.311918
47.8500,529.179765,137.892322,0.181500,1.378923,-4.270221,0.048637,-280.451105,-2.957935,362.223408,1.685506,0.000000,0.000000,-3.006571,3.649121
47.8750,432.572673,-14.891807,0.395685,-0.148918,-63.390458,-0.429113,291.016320,2.370939,2.609336,-0.142480,0.000000,0.000000,2.800053,-9.796322
47.9000,983.517914,-21.587859,0.945307,-0.215879,204.349032,1.256783,-212.631593,-1.868097,467.989938,1.830125,0.000000,0.000000,-3.124880,6.612287
47.9250,747.165765,74.696780,0.657590,0.746968,123.378857,0.235290,603.299415,1.056553,0.000000,0.000000,0.000000,0.000000,0.821263,0.555927
47.9500,252.580483,-52.276316,0.259320,-0.522763,108.826088,-0.051894,80.248522,0.263530,0.000000,0.000000,0.000000,0.000000,0.315424,3.453261
47.9750,-306.195436,110.822972,-0.139135,1.108230,-145.680913,-0.336867,-235.073914,-0.325340,0.000000,0.000000,0.000000,0.000000,0.011527,-5.355968
48.0000,-194.065452,244.582364,-0.088265,2.445824,-157.464367,-0.391265,-36.601086,0.194241,0.000000,0.000000,0.000000,0.000000,0.585506,-3.535836
48.0250,-101.243055,80.120283,0.063248,0.801203,130.820620,0.525194,-225.588624,-0.375650,0.000000,0.000000,0.000000,0.000000,-0.900844,-0.303053
48.0500,-282.985229,-1.494717,-0.167179,-0.014947,-304.517627,-0.716990,-67.350223,-0.095306,0.000000,0.000000,0.000000,0.000000,0.621685,-3.351206
48.0750,423.344499,80.503822,0.495793,0.805038,102.893476,0.192454,317.598250,0.778215,0.000000,0.000000,0.000000,0.000000,0.585761,-6.102304
48.1000,389.166853,-146.050828,0.388773,-1.460508,361.718172,1.015789,-70.454729,-0.307651,0.000000,0.000000,0.000000,0.000000,-1.323440,0.295018
48.1250,-645.466182,-63.881735,-0.906010,-0.638817,-287.915245,-0.989005,-451.470134,-1.000023,0.000000,0.000000,0.000000,0.000000,-0.011019,-3.867984
48.1500,-577.264275,-79.721988,-0.752603,-0.797220,-158.943979,-0.947954,-63.417813,-0.577676,-132.540692,-0.890090,0.000000,0.000000,0.370278,3.223222
48.1750,116.554051,-29.009146,0.204081,-0.290091,-40.084274,-0.501964,382.484723,3.145309,-251.363313,-1.703829,0.000000,0.000000,3.647274,-17.914514
48.2000,-317.803495,-4.397916,-0.384043,-0.043979,59.201879,-0.112216,-263.344390,-0.506556,0.000000,0.000000,0.000000,0.000000,-0.394340,1.679619
48.2250,-97.816033,-98.195419,-0.070363,-0.981954,-222.220856,-0.535817,124.404823,0.363611,0.000000,0.000000,0.000000,0.000000,0.899428,0.636522
48.2500,370.802528,-47.345634,0.323250,-0.473456,503.373207,1.534488,-220.358956,-0.926009,0.000000,0.000000,0.000000,0.000000,-2.460496,1.409496
48.2750,571.957534,76.433915,0.190452,0.764339,-115.237020,-0.707499,586.596187,0.909731,0.000000,0.000000,0.000000,0.000000,1.617229,3.362112
48.3000,-162.867013,129.111967,0.031575,1.291120,45.303924,0.155872,257.704035,2.448610,-261.138047,-0.984424,0.000000,0.000000,2.292738,5.774390
48.3250,120.841640,293.095120,-0.307912,2.930951,477.445244,3.368006,-95.494953,-0.976173,-146.389328,-0.652793,0.000000,0.000000,-4.344178,13.572741
48.3500,435.899055,217.167533,0.392615,2.171675,-382.537373,-0.793196,818.436428,1.509350,0.000000,0.000000,0.000000,0.000000,2.302546,0.130092
48.3750,-314.148463,72.647437,-0.084766,0.726474,202.414146,0.657617,-566.139041,-0.848659,0.000000,0.000000,0.000000,0.000000,-1.506276,-2.438728
48.4000,169.128378,-42.702497,0.375100,-0.427025,-78.001986,-0.157645,208.770938,0.702739,0.000000,0.000000,0.000000,0.000000,0.860384,-1.543087
48.4250,755.484030,6.879581,0.799542,0.068796,437.693934,0.903211,175.949668,0.547058,0.000000,0.000000,0.000000,0.000000,-0.356153,-2.056668
48.4500,150.139161,5.446722,0.274753,0.054467,298.199906,0.865493,-174.066213,-0.309428,0.000000,0.000000,0.000000,0.000000,-1.174921,-0.974191
48.4750,175.806801,-74.216411,-0.047453,-0.742164,191.726052,1.232171,-199.868850,-1.246230,114.474564,0.541568,0.000000,0.000000,-2.478401,-4.998816
48.5000,172.607616,162.060513,0.145713,1.620605,-276.014547,-0.745469,448.622163,1.010555,0.000000,0.000000,0.000000,0.000000,1.756025,3.157838
48.5250,-510.946800,141.195551,-0.332199,1.411956,-75.150691,-0.154544,-492.823164,-0.593670,0.000000,0.000000,0.000000,0.000000,-0.439126,-4.397595
48.5500,-198.092505,-245.171589,-0.227387,-2.451716,-523.373295,-1.574182,51.819252,0.730352,0.000000,0.000000,0.000000,0.000000,2.304534,3.569993
48.5750,-503.525470,-157.671300,-0.376212,-1.576713,82.441423,0.174774,-567.976060,-0.874677,0.000000,0.000000,0.000000,0.000000,-1.049451,2.850452
48.6000,185.678739,53.439714,-0.373128,0.534397,386.550507,1.030154,0.000000,0.000000,0.000000,0.000000,0.000000,0.000000,0.000000,0.000000
48.6250,70.380031,-142.888565,0.020548,-1.428886,-631.994166,-1.519785,703.474021,1.481590,0.000000,0.000000,0.000000,0.000000,3.001375,-4.552785
48.6500,-351.250378,-15.940214,-0.360938,-0.159402,-52.978873,-0.176243,-361.992721,-0.631232,0.000000,0.000000,0.000000,0.000000,-0.454989,3.695644
48.6750,-493.988389,88.692561,-0.151102,0.886926,-142.164720,-1.381352,-337.071651,-1.618385,-58.267836,-0.274445,0.000000,0.000000,-0.237033,-9.429623
48.7000,530.470214,147.305145,0.165384,1.473051,-237.386790,-1.342483,767.857005,1.543387,0.000000,0.000000,0.000000,0.000000,2.885871,-0.709126
48.7250,344.151323,-61.743857,0.330968,-0.617439,271.363830,0.921970,72.787493,-0.231204,0.000000,0.000000,0.000000,0.000000,-1.153173,-1.755975
48.7500,862.200399,-76.628833,0.688434,-0.766288,342.820087,0.333809,437.375979,0.704242,0.000000,0.000000,0.000000,0.000000,0.370433,1.828004
48.7750,490.138612,81.308117,0.847364,0.813081,330.948929,1.439737,159.189682,0.260885,0.000000,0.000000,0.000000,0.000000,-1.178853,-2.610876
48.8000,541.705307,-22.400202,0.326199,-0.224002,217.397754,0.334919,324.307553,0.317904,0.000000,0.000000,0.000000,0.000000,-0.017014,1.346342
48.8250,-207.788753,93.189948,-0.247837,0.931899,80.582483,0.939280,-18.456430,-0.112315,-273.013459,-1.732017,0.000000,0.000000,-1.051594,-0.442837
48.8500,-211.992954,241.654896,0.218394,2.416549,35.663429,0.353639,-149.264918,0.225612,0.000000,0.000000,0.000000,0.000000,-0.128027,-5.068174
48.8750,230.484954,83.287920,-0.150422,0.832879,-416.045778,-1.141087,504.057548,0.602117,0.000000,0.000000,0.000000,0.000000,1.743204,-2.606824
48.9000,-252.640151,46.091353,-0.366529,0.460914,150.827521,-0.094261,-232.207140,-0.414992,0.000000,0.000000,0.000000,0.000000,-0.320731,3.271086
48.9250,528.502854,-0.385191,0.442873,-0.003852,398.516417,0.870491,149.650413,0.085602,0.000000,0.000000,0.000000,0.000000,-0.784888,-0.622283
48.9500,500.443699,-160.468720,0.557474,-1.604687,100.844622,0.446747,409.980963,0.694500,0.000000,0.000000,0.000000,0.000000,0.247753,-1.155904
48.9750,-641.489061,-83.638442,-0.682305,-0.836384,-281.320845,-0.684191,-368.470611,-0.710965,0.000000,0.000000,0.000000,0.000000,-0.026774,3.006371
49.0000,-512.293502,-161.207514,-0.260438,-1.612075,-121.380246,0.194060,-390.913256,-0.675793,0.000000,0.000000,0.000000,0.000000,-0.869853,-1.146231
49.0250,-54.824347,-29.239347,0.332100,-0.292393,-41.678286,0.497661,-13.146062,0.174615,0.000000,0.000000,0.000000,0.000000,-0.323046,1.119660
49.0500,-402.906350,16.886632,-0.433889,0.168866,236.281325,0.457697,-639.187675,-1.273537,0.000000,0.000000,0.000000,0.000000,-1.731234,-5.145020
49.0750,174.193588,-160.358023,0.087499,-1.603580,-82.929549,-0.836199,108.951104,1.488753,6.497001,-0.107448,0.000000,0.000000,2.324952,9.012608
49.1000,383.489846,-152.516746,0.252029,-1.525167,113.280742,0.279735,270.209104,0.226961,0.000000,0.000000,0.000000,0.000000,-0.052775,-2.548432
49.1250,439.987898,135.052920,0.646252,1.350529,-29.224340,-0.455744,297.779142,2.983231,-654.851374,-2.721126,0.000000,0.000000,3.438975,9.322405
49.1500,-286.626062,35.215505,-0.300807,0.352155,-135.287366,-0.234756,-132.831256,-0.355365,0.000000,0.000000,0.000000,0.000000,-0.120609,-0.223751
49.1750,-92.145072,237.384353,-0.500955,2.373844,-360.790978,-1.176564,268.645907,0.141697,0.000000,0.000000,0.000000,0.000000,1.318261,2.705796
49.2000,341.267055,227.115021,0.183061,2.271150,288.988019,0.702117,10.961567,-0.372722,0.000000,0.000000,0.000000,0.000000,-1.074839,-0.076725
49.2250,334.640449,171.648234,-0.192637,1.716482,-303.703913,-1.251622,587.053783,0.720213,0.000000,0.000000,0.000000,0.000000,1.971836,2.337607
49.2500,405.457851,-116.852540,0.315995,-1.168525,-215.633802,-0.849913,621.091653,1.403049,0.000000,0.000000,0.000000,0.000000,2.252963,-4.241401
49.2750,754.853007,25.407524,0.908103,0.254075,278.576424,1.032725,462.330804,0.766874,0.000000,0.000000,0.000000,0.000000,-0.265851,-4.682009
49.3000,336.416512,47.444862,0.253828,0.474449,78.146188,-0.024953,261.545050,0.521985,0.000000,0.000000,0.000000,0.000000,0.546938,0.229101
49.3250,130.274697,-38.115032,0.457101,-0.381150,346.792019,1.450917,-211.935964,-0.432353,0.000000,0.000000,0.000000,0.000000,-1.883271,-6.168061
49.3500,-65.681605,64.259939,-0.122796,0.642599,-292.301883,-0.679296,226.620278,0.390897,0.000000,0.000000,0.000000,0.000000,1.070193,-0.215963
49.3750,-561.402085,174.931846,-0.567281,1.749318,-99.714062,-0.433877,-402.545800,-0.626806,0.000000,0.000000,0.000000,0.000000,-0.192929,-2.379135
49.4000,-272.880436,-176.715323,-0.224758,-1.767153,-239.672067,-0.544480,-70.273644,0.025191,0.000000,0.000000,0.000000,0.000000,0.569671,-3.739453
49.4250,-396.624475,-93.565732,-0.580846,-0.935657,55.025681,-0.189972,-433.797880,-0.958460,0.000000,0.000000,0.000000,0.000000,-0.768488,1.795268
49.4500,-40.125194,48.419994,0.119583,0.484200,280.280838,0.751634,-426.445130,-0.964880,0.000000,0.000000,0.000000,0.000000,-1.716515,-2.143411
49.4750,219.487577,-175.032028,-0.273422,-1.750320,433.720778,3.530954,-311.535490,-3.744559,8.747632,-0.025711,0.000000,0.000000,-7.275513,11.664015
49.5000,-567.658038,21.468640,-0.596202,0.214686,160.766161,0.966072,-218.606932,-2.991850,-59.901482,-0.195948,0.000000,0.000000,-3.957922,17.794951
49.5250,-438.695734,-0.124651,-0.389834,-0.001247,-30.773594,-0.369091,-419.221298,-0.468587,0.000000,0.000000,0.000000,0.000000,-0.099496,6.148638
49.5500,233.568747,128.274203,0.229359,1.282742,-163.084843,-0.236067,355.238487,0.487886,0.000000,0.000000,0.000000,0.000000,0.723953,0.009090
49.5750,50.624616,-84.558139,0.019149,-0.845581,35.446101,0.120836,15.178515,-0.075661,0.000000,0.000000,0.000000,0.000000,-0.196497,-10.473519
49.6000,685.075599,-94.442999,0.948463,-0.944430,537.779574,1.503647,147.296025,0.420361,0.000000,0.000000,0.000000,0.000000,-1.083286,0.758251
49.6250,606.701573,100.172079,0.872845,1.001721,440.713083,1.648956,165.988490,0.149224,0.000000,0.000000,0.000000,0.000000,-1.499731,-5.027214
49.6500,442.080229,31.563745,0.658821,0.315637,632.694415,1.853894,-190.614186,-0.489387,0.000000,0.000000,0.000000,0.000000,-2.343281,3.449649
49.6750,-339.011650,89.225941,-0.624403,0.892259,-37.135860,-0.510963,-276.770246,-0.713333,0.000000,0.000000,0.000000,0.000000,-0.202370,-4.838005
49.7000,251.934530,251.557456,0.096210,2.515575,-228.899701,-2.360323,5.158800,-0.128460,-564.710230,-2.305729,0.000000,0.000000,2.231863,13.646184
49.7250,144.606170,119.807188,0.292748,1.198072,566.491275,3.854049,-316.113478,-3.065762,264.311318,1.052133,0.000000,0.000000,-6.919811,9.451524
49.7500,-151.748414,95.657801,-0.212222,0.956578,-34.366908,-0.060746,-102.324224,-0.359881,0.000000,0.000000,0.000000,0.000000,-0.299134,0.699631
49.7750,115.520466,-44.407270,0.311202,-0.444073,160.043437,1.613793,-117.522067,-1.526048,-199.271335,-0.522363,0.000000,0.000000,-3.139841,0.958818
49.8000,652.560264,-121.702665,0.499556,-1.217027,-1.505154,0.214829,612.842984,0.746549,0.000000,0.000000,0.000000,0.000000,0.531721,4.916624
49.8250,-314.034400,-62.030504,-0.394344,-0.620305,52.364378,0.472052,-23.944423,-0.395376,-421.214817,-1.352743,0.000000,0.000000,-0.867428,10.258420
49.8500,6.587389,-154.469501,-0.366677,-1.544695,-58.705601,-0.567687,-231.859506,-3.167113,-315.194683,-1.328891,0.000000,0.000000,-2.599426,-2.972365
49.8750,411.228650,-82.728129,0.504942,-0.827281,111.349905,0.461027,299.878745,0.547134,0.000000,0.000000,0.000000,0.000000,0.086107,3.215197
49.9000,-343.800817,11.264457,-0.689769,0.112645,-203.796957,-1.061239,-79.063143,-0.269960,0.000000,0.000000,0.000000,0.000000,0.791279,-2.467872
49.9250,-30.372559,-191.227450,-0.464158,-1.912274,-469.818848,-1.818266,287.037978,0.630832,0.000000,0.000000,0.000000,0.000000,2.449098,0.986343
49.9500,5.750105,-132.937320,0.137018,-1.329373,-153.997108,-1.105334,288.963308,3.160308,472.815023,1.428340,0.000000,0.000000,4.265642,9.353199
49.9750,547.899838,-7.749804,0.360548,-0.077498,347.135014,0.490793,228.490463,0.382559,0.000000,0.000000,0.000000,0.000000,-0.108234,4.615101
50.0000,-387.037426,-13.257976,-0.389586,-0.132580,-165.395614,-0.510059,-223.882371,-0.278040,0.000000,0.000000,0.000000,0.000000,0.232019,-1.888613
50.0250,-110.393472,242.370106,-0.670424,2.423701,-602.167719,-2.216096,491.774246,0.829562,0.000000,0.000000,0.000000,0.000000,3.045658,3.979752
50.0500,-29.108505,218.862969,0.341236,2.188630,387.241290,1.362830,-416.349795,-0.592374,0.000000,0.000000,0.000000,0.000000,-1.955205,1.672273
50.0750,60.886369,143.723753,0.209839,1.437238,-134.857237,-0.039053,104.394143,0.125392,0.000000,0.000000,0.000000,0.000000,0.164445,0.490622
50.1000,427.529114,-108.749524,0.447925,-1.087495,-173.350066,-0.635835,445.423814,0.820280,0.000000,0.000000,0.000000,0.000000,1.456115,1.175290
50.1250,680.570465,52.119565,0.698103,0.521196,0.786799,-0.246548,113.646788,1.241205,-18.139894,0.015211,0.000000,0.000000,1.487753,10.552438
50.1500,632.056872,35.082015,0.319671,0.350820,32.007309,0.281637,-99.899369,-1.370627,560.218492,1.842832,0.000000,0.000000,-1.652265,0.668924
50.1750,-42.604124,-7.477014,0.591428,-0.074770,544.730959,2.026082,-631.325609,-0.934499,0.000000,0.000000,0.000000,0.000000,-2.960581,-4.279888
50.2000,-244.445023,25.720160,-0.369101,0.257202,-500.403162,-1.616372,255.958138,0.793814,0.000000,0.000000,0.000000,0.000000,2.410186,0.985637
50.2250,-401.218622,142.852357,-0.209348,1.428524,20.039018,0.513681,-421.257640,-0.883476,0.000000,0.000000,0.000000,0.000000,-1.397157,4.204229
50.2500,44.929610,-82.717938,-0.400555,-0.827179,-128.179014,-0.905337,264.669639,0.176007,0.000000,0.000000,0.000000,0.000000,1.081344,-6.825214
50.2750,-515.972102,-41.469699,-0.533926,-0.414697,-372.064021,-1.239847,-105.648119,0.294588,0.000000,0.000000,0.000000,0.000000,1.534434,-1.264695
50.3000,92.012575,128.064698,-0.107562,1.280647,49.964252,-0.366640,98.438361,0.217091,0.000000,0.000000,0.000000,0.000000,0.583731,0.632688
50.3250,154.841008,-177.828247,0.124649,-1.778282,-94.071257,-0.038201,314.654598,0.374494,0.000000,0.000000,0.000000,0.000000,0.412695,-6.237369
50.3500,-421.298782,-95.468596,-0.695588,-0.954686,-365.784482,-1.318448,48.973497,0.052710,0.000000,0.000000,0.000000,0.000000,1.371158,-5.085508
50.3750,-463.548717,-11.122569,-0.385693,-0.111226,-87.217766,-0.088355,-376.330951,-0.683031,0.000000,0.000000,0.000000,0.000000,-0.594675,-1.441007
50.4000,14.429558,134.686129,-0.084621,1.346861,-166.728110,-0.267535,181.157668,0.101988,0.000000,0.000000,0.000000,0.000000,0.369523,-4.033806
50.4250,-174.369873,-101.662300,-0.283526,-1.016623,-123.416700,-0.534626,-50.953172,-0.039848,0.000000,0.000000,0.000000,0.000000,0.494778,-6.837308
50.4500,751.082943,-98.544635,0.674782,-0.985446,-186.250796,-0.232936,874.517812,1.531820,0.000000,0.000000,0.000000,0.000000,1.764756,-3.343000
50.4750,682.499329,50.541320,0.790494,0.505413,-24.366861,-0.310664,144.467326,1.782773,207.601170,0.844716,0.000000,0.000000,2.093437,0.355246
50.5000,728.827206,54.007776,0.742740,0.540078,170.571467,0.533475,543.833873,0.952499,0.000000,0.000000,0.000000,0.000000,0.419024,2.034479
50.5250,-468.902151,186.486454,-0.505013,1.864865,-221.272822,-0.765132,-247.629329,-0.244894,0.000000,0.000000,0.000000,0.000000,0.520238,2.475946
50.5500,98.643504,217.273018,0.147013,2.172730,315.855173,1.014884,-274.305510,-0.764159,0.000000,0.000000,0.000000,0.000000,-1.779043,-0.707384
50.5750,166.252925,170.537886,0.311575,1.705379,155.063479,1.867668,351.870609,5.711163,-201.907573,-1.252393,0.000000,0.000000,3.843494,10.294046
50.6000,-184.992044,90.836263,-0.040486,0.908363,-187.342913,-0.442060,-104.797755,-0.111381,0.000000,0.000000,0.000000,0.000000,0.330679,-4.482048
50.6250,74.397118,-79.096355,0.640534,-0.790964,-15.299820,-0.154078,241.362684,2.953010,-73.453604,-0.202542,0.000000,0.000000,3.107088,-0.311109
50.6500,141.624007,-52.497779,0.412172,-0.524978,145.057366,0.470862,0.000000,0.000000,0.000000,0.000000,0.000000,0.000000,0.000000,0.000000
50.6750,-274.218291,-26.105476,-0.356248,-0.261055,58.549762,-0.141033,-346.605242,-0.644560,0.000000,0.000000,0.000000,0.000000,-0.503526,-1.987844
50.7000,-138.296202,-178.793736,-0.338726,-1.787937,-413.662115,-1.246238,256.852658,0.410116,0.000000,0.000000,0.000000,0.000000,1.656354,4.200290
50.7250,523.162979,62.155515,0.186163,0.621555,275.749239,-0.148434,247.413741,0.510871,0.000000,0.000000,0.000000,0.000000,0.659305,-2.034703
50.7500,-363.763702,72.585512,-0.190173,0.725855,-9.232607,0.311628,-354.531095,-0.677143,0.000000,0.000000,0.000000,0.000000,-0.988772,1.480220
50.7750,-92.553515,-182.551173,-0.380479,-1.825512,-167.585031,-0.805997,95.553476,0.113339,0.000000,0.000000,0.000000,0.000000,0.919336,-1.526392
50.8000,-57.274915,-142.396563,-0.075146,-1.423966,42.187763,0.528561,-77.452200,-0.569737,21.099294,0.177688,0.000000,0.000000,-1.098298,-6.238348
50.8250,278.546935,20.649067,0.562291,0.206491,148.292752,0.928945,136.531976,0.239322,0.000000,0.000000,0.000000,0.000000,-0.689623,2.017404
50.8500,-147.199747,-102.361684,-0.386516,-1.023617,-127.351850,-0.561720,-78.740641,-0.311302,0.000000,0.000000,0.000000,0.000000,0.250418,-0.358001
50.8750,-330.664072,217.476960,-0.630967,2.174770,-497.150236,-1.617761,212.831260,0.357199,0.000000,0.000000,0.000000,0.000000,1.974961,-1.444759
50.9000,125.338435,234.244327,-0.002477,2.342443,45.864704,-0.255898,128.024057,0.309322,0.000000,0.000000,0.000000,0.000000,0.565220,0.874118
50.9250,155.929401,199.660211,-0.074141,1.996602,-30.390918,-0.373458,243.441630,0.443329,0.000000,0.000000,0.000000,0.000000,0.816787,0.960931
50.9500,624.122114,-42.146729,0.763744,-0.421467,603.580137,1.789613,-15.971842,-0.244616,0.000000,0.000000,0.000000,0.000000,-2.034229,-3.345581
50.9750,835.682432,36.003500,0.810966,0.360035,357.446570,0.738154,459.212237,0.825427,0.000000,0.000000,0.000000,0.000000,0.087273,-1.036127
51.0000,500.675465,87.013261,0.496274,0.870133,388.848553,0.902349,111.826911,0.090200,0.000000,0.000000,0.000000,0.000000,-0.812149,0.564898
51.0250,157.617349,19.906258,0.311045,0.199063,171.168959,0.176010,-62.126810,0.382738,0.000000,0.000000,0.000000,0.000000,0.206729,3.677822
51.0500,-259.516301,82.776438,-0.440804,0.827764,-392.641350,-1.596884,63.375263,0.303649,0.000000,0.000000,0.000000,0.000000,1.900534,-3.525890
51.0750,-97.722565,103.801409,-0.405646,1.038014,-142.484331,-2.290406,-331.738098,-6.566020,286.059239,1.697621,0.000000,0.000000,-4.275613,9.916450
51.1000,275.559592,-94.800056,-0.196438,-0.948001,-211.994792,-1.302464,394.404318,0.401589,0.000000,0.000000,0.000000,0.000000,1.704053,5.230882
51.1250,-463.971877,-120.320492,-0.466008,-1.203205,-7.563033,-0.134207,-456.408844,-0.784797,0.000000,0.000000,0.000000,0.000000,-0.650590,1.542033
51.1500,70.428224,184.073315,0.373201,1.840733,220.729321,0.979199,-113.399463,-0.139999,0.000000,0.000000,0.000000,0.000000,-1.119198,-1.416578
51.1750,424.768472,-84.903226,0.202653,-0.849032,63.798220,-0.062951,360.970252,0.457841,0.000000,0.000000,0.000000,0.000000,0.520792,-0.708813
51.2000,-881.496903,-84.955930,-0.250827,-0.849559,231.884653,1.163943,-1113.381556,-1.596585,0.000000,0.000000,0.000000,0.000000,-2.760528,1.022391
51.2250,-572.080623,-32.155191,-0.612822,-0.321552,-385.933889,-0.842022,-186.146734,-0.392610,0.000000,0.000000,0.000000,0.000000,0.449412,3.114950
51.2500,100.005799,134.117803,0.105013,1.341178,-52.261853,-0.231860,75.844688,0.133369,0.000000,0.000000,0.000000,0.000000,0.365229,2.698976
51.2750,-757.199622,-106.934008,-0.475726,-1.069340,70.257585,0.299557,-827.457207,-1.220605,0.000000,0.000000,0.000000,0.000000,-1.520162,3.792286
51.3000,317.909750,-95.388686,0.342909,-0.953887,23.287888,0.039341,235.446450,0.400363,0.000000,0.000000,0.000000,0.000000,0.361023,-1.182534
51.3250,702.116257,-11.854395,0.897729,-0.118544,-35.005740,-0.406074,192.272814,3.237816,-2.209762,-0.019872,0.000000,0.000000,3.643890,11.368786
51.3500,610.561808,36.220101,0.640925,0.362201,522.338739,1.609134,33.914673,-0.348568,0.000000,0.000000,0.000000,0.000000,-1.957702,6.097825
51.3750,-389.286507,173.375628,-0.247449,1.733756,194.522962,0.651081,-493.801221,-0.680910,0.000000,0.000000,0.000000,0.000000,-1.331992,0.022401
51.4000,-1.185641,244.062260,0.142152,2.440623,-119.943052,-0.195923,93.616448,0.443551,0.000000,0.000000,0.000000,0.000000,0.639474,-0.320452
51.4250,149.388435,168.496624,0.274341,1.684966,-54.151339,0.150895,223.962942,0.488847,0.000000,0.000000,0.000000,0.000000,0.337952,4.676211
51.4500,-134.868361,107.165806,-0.105968,1.071658,-11.732956,0.024900,-123.135405,-0.229214,0.000000,0.000000,0.000000,0.000000,-0.254114,-6.149062
51.4750,327.118399,-98.258828,0.336826,-0.982588,349.185369,1.315397,-17.919132,-0.489706,0.000000,0.000000,0.000000,0.000000,-1.805103,-0.595323
51.5000,276.935891,-79.102141,0.594256,-0.791021,240.789402,0.983830,38.511605,0.240041,0.000000,0.000000,0.000000,0.000000,-0.743789,0.979369
51.5250,232.625506,18.152364,-0.220667,0.181524,-17.676459,-0.637507,314.702433,0.274847,0.000000,0.000000,0.000000,0.000000,0.912354,-2.254083
51.5500,-212.219981,-131.365340,0.033552,-1.313653,375.594947,1.015290,0.000000,0.000000,0.000000,0.000000,0.000000,0.000000,0.000000,0.000000
51.5750,401.704965,60.469459,0.467260,0.604695,286.958369,1.264808,154.601517,-0.215875,0.000000,0.000000,0.000000,0.000000,-1.480683,1.047913
51.6000,-398.420658,96.225951,-0.373566,0.962260,66.149525,1.255166,-465.080443,-3.760613,-186.992960,-1.155832,0.000000,0.000000,-5.015779,-0.496542
51.6250,-163.554652,-254.401268,-0.179661,-2.544013,-5.990593,0.046221,-157.564059,-0.396685,0.000000,0.000000,0.000000,0.000000,-0.442906,1.432502
51.6500,-216.340210,-222.320536,-0.120083,-2.223205,55.293132,-0.066225,-375.607957,-0.593231,0.000000,0.000000,0.000000,0.000000,-0.527006,-2.668224
51.6750,208.147046,29.903161,0.244978,0.299032,203.074301,1.383800,-69.732026,-0.754430,397.679145,1.040124,0.000000,0.000000,-2.138231,12.914769
51.7000,-71.360427,-149.154608,-0.338500,-1.491546,-366.557851,-1.386445,230.036267,0.348818,0.000000,0.000000,0.000000,0.000000,1.735262,-2.945381
51.7250,-265.927245,52.656952,-0.297930,0.526570,95.532503,0.578435,-202.430952,-2.504214,-74.342178,-0.291142,0.000000,0.000000,-3.082649,12.501547
51.7500,263.505900,189.935092,-0.319845,1.899351,-315.553765,-1.567438,590.616180,0.938239,0.000000,0.000000,0.000000,0.000000,2.505678,-0.640324
51.7750,-45.894205,144.253594,0.641030,1.442536,553.641310,2.109109,-599.535515,-0.783658,0.000000,0.000000,0.000000,0.000000,-2.892768,1.233404
51.8000,457.716141,-88.239139,0.510487,-0.882391,60.278951,0.570714,493.875855,0.594261,0.000000,0.000000,0.000000,0.000000,0.023547,2.526587
51.8250,665.122385,-23.272099,1.010249,-0.232721,635.253607,2.365318,29.868778,-0.253173,0.000000,0.000000,0.000000,0.000000,-2.618491,-1.573915
51.8500,614.673307,34.839862,0.593204,0.348399,152.747450,0.345414,461.925858,0.817395,0.000000,0.000000,0.000000,0.000000,0.471981,-2.739654
51.8750,329.783996,-20.666397,0.515628,-0.206664,105.374845,0.697809,224.409151,0.347461,0.000000,0.000000,0.000000,0.000000,-0.350349,-3.998038
51.9000,-14.524041,164.258737,-0.393241,1.642587,-177.636049,-1.965429,-273.799696,-3.862373,247.857008,1.065690,0.000000,0.000000,-1.896944,12.123095
51.9250,-101.208832,166.806536,-0.160509,1.668065,-29.532898,0.027519,-71.675934,-0.327251,0.000000,0.000000,0.000000,0.000000,-0.354769,5.530465
51.9500,-143.181647,-3.891829,0.245218,-0.038918,81.645292,0.544172,-151.123158,0.085430,0.000000,0.000000,0.000000,0.000000,-0.458743,-0.190900
51.9750,-140.524161,-47.952568,-0.275153,-0.479526,158.249277,0.334237,-298.773438,-0.849044,0.000000,0.000000,0.000000,0.000000,-1.183281,3.828438
52.0000,321.187550,123.708437,0.048000,1.237084,-79.168043,-0.280775,400.355592,0.351485,0.000000,0.000000,0.000000,0.000000,0.632260,-0.365103
52.0250,298.881036,-157.900162,0.340205,-1.579002,38.650576,0.247259,260.230460,0.427736,0.000000,0.000000,0.000000,0.000000,0.180477,-1.995917
52.0500,-972.250841,-95.399267,-0.534398,-0.953993,-149.577644,-0.197069,-906.271943,-0.991456,0.000000,0.000000,0.000000,0.000000,-0.794387,5.007801
52.0750,-815.783462,-70.792428,-0.780656,-0.707924,-284.016977,-0.907803,-531.766485,-0.657267,0.000000,0.000000,0.000000,0.000000,0.250536,-0.975174
52.1000,-102.778169,9.613143,0.452095,0.096131,435.179639,1.511544,-550.630728,-0.594175,0.000000,0.000000,0.000000,0.000000,-2.105719,3.897772
52.1250,-337.650562,-3.804036,-0.280678,-0.038040,37.859031,-0.101291,-316.528195,-0.369429,0.000000,0.000000,0.000000,0.000000,-0.268138,3.645516
52.1500,59.116926,-52.990639,0.379844,-0.529906,285.646906,1.176595,-226.529980,-0.385663,0.000000,0.000000,0.000000,0.000000,-1.562258,-7.526360
52.1750,535.594903,-2.782690,0.604459,-0.027827,41.567340,0.476833,498.946191,0.752354,0.000000,0.000000,0.000000,0.000000,0.275520,-0.371600
52.2000,435.057143,63.994155,0.436074,0.639942,126.206671,0.312665,241.881105,0.462440,0.000000,0.000000,0.000000,0.000000,0.149775,5.309258
52.2250,-267.657652,123.110101,0.118281,1.231101,32.826217,0.649527,-300.483869,-0.402446,0.000000,0.000000,0.000000,0.000000,-1.051973,3.093726
52.2500,-281.578958,310.716963,0.343200,3.107170,393.679534,1.933598,-567.752522,-1.019150,0.000000,0.000000,0.000000,0.000000,-2.952748,0.573134
52.2750,3.691116,196.571348,0.375226,1.965713,-42.048727,0.355111,45.739843,0.394170,0.000000,0.000000,0.000000,0.000000,0.039060,-1.002187
52.3000,-232.434299,80.660838,-0.024264,0.806608,-224.077633,-0.006841,83.036077,0.089337,0.000000,0.000000,0.000000,0.000000,0.096177,-0.077640
52.3250,406.910838,-72.857687,0.471466,-0.728577,538.948995,1.275671,-140.977882,-0.275615,0.000000,0.000000,0.000000,0.000000,-1.551286,2.375834
52.3500,639.727224,-55.915595,0.920898,-0.559156,243.649611,1.246963,395.719657,0.623157,0.000000,0.000000,0.000000,0.000000,-0.623806,4.206078
52.3750,-86.720985,20.727177,0.394792,0.207272,96.505977,1.309897,37.101762,0.450527,-216.839120,-0.837401,0.000000,0.000000,-0.859371,9.249529
52.4000,144.776031,-91.512544,-0.178363,-0.915125,23.380423,0.493364,-98.489723,-1.958063,279.209788,1.568232,220.513461,1.181019,-2.451427,3.941909
52.4250,37.810416,103.157101,0.488911,1.031571,7.794751,0.569396,18.673306,0.402678,0.000000,0.000000,0.000000,0.000000,-0.166718,-1.339440
52.4500,-556.683889,85.197875,-0.472487,0.851979,-220.546219,-0.689020,-268.909550,-0.203085,0.000000,0.000000,0.000000,0.000000,0.485935,4.315191
52.4750,-349.558292,-249.412938,-0.139074,-2.494129,161.764218,1.683267,161.206258,1.885205,-406.069120,-1.460653,0.000000,0.000000,0.201938,3.376130
52.5000,-353.359268,-243.906582,-0.387602,-2.439066,-67.964898,-0.900488,29.620851,0.438868,-134.721830,-0.482546,0.000000,0.000000,1.339356,10.229869
52.5250,-158.631523,49.588237,-0.121387,0.495882,-230.918062,-0.367267,39.852501,-0.037684,0.000000,0.000000,0.000000,0.000000,0.329582,-3.160591
52.5500,74.799091,-144.318542,0.066920,-1.443185,232.185628,0.793483,-157.386536,-0.590445,0.000000,0.000000,0.000000,0.000000,-1.383928,5.559133
52.5750,-334.739649,14.885280,-0.229884,0.148853,-338.893528,-0.731145,0.000000,0.000000,0.000000,0.000000,0.000000,0.000000,0.000000,0.000000
52.6000,-44.211943,124.927097,0.005086,1.249271,-91.618842,-0.673415,-29.575560,-0.397473,-259.755953,-0.773194,0.000000,0.000000,0.275942,0.892816
52.6250,91.073377,120.202437,0.589391,1.202024,6.602961,0.213606,162.108824,2.196777,82.714908,0.227441,0.000000,0.000000,1.983172,9.545387
52.6500,191.831144,-39.421604,0.715366,-0.394216,363.017844,1.727779,-219.545818,-0.377783,0.000000,0.000000,0.000000,0.000000,-2.105561,1.924535
52.6750,1008.087799,-65.730981,0.888288,-0.657310,29.403666,-0.052604,978.684132,1.731077,0.000000,0.000000,0.000000,0.000000,1.783681,1.411430
52.7000,676.869281,155.011064,0.721670,1.550111,168.789947,1.842838,-13.049466,-0.337684,373.641946,1.135655,0.000000,0.000000,-2.180521,8.503002
52.7250,314.015084,-77.377768,0.122081,-0.773778,-154.364080,-0.432465,468.379164,0.644324,0.000000,0.000000,0.000000,0.000000,1.076789,0.238322
52.7500,-116.045991,68.397912,-0.001594,0.683979,-231.648038,-0.256715,156.432527,0.302258,0.000000,0.000000,0.000000,0.000000,0.558973,-0.455528
52.7750,-71.035693,230.029043,-0.054976,2.300290,113.835547,1.104179,3.104864,0.030075,-626.191020,-2.216357,0.000000,0.000000,-1.074104,2.196612
52.8000,245.474825,63.290457,-0.243075,0.632905,-277.814387,-1.213463,523.289212,0.698632,0.000000,0.000000,0.000000,0.000000,1.912095,-2.303640
52.8250,-400.952972,5.470064,-0.077991,0.054701,56.112252,0.825300,363.776550,5.239784,-722.108409,-2.431654,0.000000,0.000000,4.414483,11.650638
52.8500,406.576901,77.080933,0.722339,0.770809,269.595864,1.441077,119.370927,0.043919,0.000000,0.000000,0.000000,0.000000,-1.397157,-0.335600
52.8750,354.810439,-129.792861,0.439175,-1.297929,59.118306,0.365662,307.577297,0.537796,0.000000,0.000000,0.000000,0.000000,0.172134,-1.903900
52.9000,-892.848030,-38.201509,-0.889104,-0.382015,-391.504289,-1.215283,-501.343742,-0.575716,0.000000,0.000000,0.000000,0.000000,0.639567,-2.501619
52.9250,-410.369886,-118.112938,-0.819500,-1.181129,-353.582441,-1.451402,-173.751068,-0.439847,0.000000,0.000000,0.000000,0.000000,1.011554,5.935613
52.9500,253.361600,-45.704947,0.133719,-0.457049,-48.736016,-0.263401,325.119373,0.537792,0.000000,0.000000,0.000000,0.000000,0.801193,-0.995176
52.9750,-421.453163,-1.570307,-0.409655,-0.015703,-233.157204,-2.974134,144.759254,1.839513,-444.156680,-1.310020,0.000000,0.000000,4.813648,1.596600
53.0000,-124.124562,-127.666806,-0.054608,-1.276668,-137.703882,-0.260586,13.579320,0.149321,0.000000,0.000000,0.000000,0.000000,0.409907,-1.171484
53.0250,332.709024,-60.469567,0.437496,-0.604696,133.268941,0.420296,171.084567,0.372547,0.000000,0.000000,0.000000,0.000000,-0.047749,2.288281
53.0500,474.534138,99.807712,0.292411,0.998077,45.017553,-0.073618,475.316579,0.807446,0.000000,0.000000,0.000000,0.000000,0.881063,-4.486589
53.0750,-160.732936,103.758175,-0.225753,1.037582,243.406398,0.383792,-280.710130,-0.318002,0.000000,0.000000,0.000000,0.000000,-0.701793,2.317681
53.1000,-131.367019,256.375372,-0.071668,2.563754,-5.171457,-0.276848,48.160138,0.622039,-114.459074,-0.461695,0.000000,0.000000,0.898887,-3.066683
53.1250,85.182418,210.200983,0.628160,2.102010,492.411063,1.595573,-407.228645,-0.292062,0.000000,0.000000,0.000000,0.000000,-1.887635,-0.494846
53.1500,-188.808833,78.739537,0.358381,0.787395,334.863086,1.660061,-432.012021,-0.698395,0.000000,0.000000,0.000000,0.000000,-2.358456,-0.178004
53.1750,215.206758,-67.385635,0.468493,-0.673856,89.275879,0.519597,275.369459,0.651781,0.000000,0.000000,0.000000,0.000000,0.132184,2.476736
53.2000,642.284623,13.663648,0.763319,0.136636,199.321942,0.918109,412.642503,0.618626,0.000000,0.000000,0.000000,0.000000,-0.299484,-1.172891
53.2250,305.161082,13.129081,0.010842,0.131291,-131.684928,-0.995359,-93.358520,-1.297475,303.074200,0.779199,0.000000,0.000000,-0.302116,0.091290
53.2500,215.832947,-55.800696,0.095734,-0.558007,-22.281669,-0.500391,217.191371,0.598324,0.000000,0.000000,0.000000,0.000000,1.098715,1.531486
53.2750,42.174457,123.300349,0.179214,1.233003,14.456327,0.064869,27.718130,0.289076,0.000000,0.000000,0.000000,0.000000,0.224207,-1.993109
53.3000,-516.023514,185.678452,-0.398098,1.856785,-129.386036,-0.244793,-335.069938,-0.465969,0.000000,0.000000,0.000000,0.000000,-0.221176,-2.795514
53.3250,-250.066559,-234.530995,-0.196896,-2.345310,201.973360,0.398910,-413.486161,-0.606402,0.000000,0.000000,0.000000,0.000000,-1.005312,4.349588
53.3500,-576.293540,-99.342425,-0.405395,-0.993424,-107.000398,-0.052628,-469.293142,-0.740954,0.000000,0.000000,0.000000,0.000000,-0.688326,-0.570205
53.3750,138.274769,53.188241,-0.303346,0.531882,-115.041306,-1.829162,-227.208063,-5.252433,214.662626,0.974805,0.000000,0.000000,-3.423271,-1.322349
53.4000,-61.568296,-169.193091,0.198090,-1.691931,-80.305292,-1.179325,117.782273,1.822188,-70.990523,-0.235137,0.000000,0.000000,3.001512,8.237522
53.4250,-429.179400,10.627182,-0.405452,0.106272,-131.602095,-0.202535,-282.199330,-0.581018,0.000000,0.000000,0.000000,0.000000,-0.378483,2.550454
53.4500,-76.931762,98.037419,-0.666071,0.980374,-403.434987,-1.763531,411.268772,0.460010,0.000000,0.000000,0.000000,0.000000,2.223541,-1.699768
53.4750,184.699153,157.075919,0.368236,1.570759,286.672968,0.967452,-101.973815,-0.201750,0.000000,0.000000,0.000000,0.000000,-1.169203,2.445049
53.5000,25.420209,-68.976160,0.220580,-0.689762,-26.592319,0.187778,-28.567116,-0.041945,0.000000,0.000000,0.000000,0.000000,-0.229722,0.224699
53.5250,666.631801,-79.069713,0.980042,-0.790697,339.834631,1.647368,422.047968,0.505458,0.000000,0.000000,0.000000,0.000000,-1.141910,0.832368
53.5500,710.681123,50.658308,0.633284,0.506583,111.706124,0.257354,498.254066,0.865976,0.000000,0.000000,0.000000,0.000000,0.608622,-1.762204
53.5750,378.639532,1.112630,0.587203,0.011126,29.706379,0.439168,141.217385,2.295853,126.091510,0.516864,0.000000,0.000000,1.856685,4.071597
53.6000,-193.315663,92.997469,-0.513866,0.929975,-211.330190,-0.980893,18.014528,-0.095534,0.000000,0.000000,0.000000,0.000000,0.885359,6.328520
53.6250,-107.728634,240.098187,0.124433,2.400982,259.982938,0.996247,-376.775030,-0.675205,0.000000,0.000000,0.000000,0.000000,-1.671452,5.076234
53.6500,-107.841868,121.635024,0.365903,1.216350,334.368209,1.823028,-300.636874,-0.382534,0.000000,0.000000,0.000000,0.000000,-2.205562,0.474133
53.6750,-483.724309,53.715161,-0.124597,0.537152,231.109385,0.690253,-770.656090,-1.067884,0.000000,0.000000,0.000000,0.000000,-1.758137,0.418670
53.7000,355.990938,-45.305409,0.264160,-0.453054,104.555911,0.371739,230.490394,0.105077,0.000000,0.000000,0.000000,0.000000,-0.266662,4.276424
53.7250,49.177953,-160.612792,0.965518,-1.606128,690.573196,2.858853,-718.936221,-0.918207,0.000000,0.000000,0.000000,0.000000,-3.777060,-3.214643
53.7500,-438.907963,-88.575036,-0.911450,-0.885750,-487.211165,-1.752426,152.052172,0.160129,0.000000,0.000000,0.000000,0.000000,1.912555,3.053332
53.7750,-208.769121,-129.956492,-0.509482,-1.299565,-465.030328,-1.781738,256.261207,0.585249,0.000000,0.000000,0.000000,0.000000,2.366987,2.501612
53.8000,318.376787,-37.663313,0.135965,-0.376633,-121.677379,-0.665286,326.772913,0.460234,0.000000,0.000000,0.000000,0.000000,1.125520,5.196819
53.8250,-509.610633,21.083174,-0.684887,0.210832,-367.431586,-1.538889,-142.179047,0.072436,0.000000,0.000000,0.000000,0.000000,1.611325,0.169006
53.8500,156.505963,-193.541222,0.008523,-1.935412,-251.439155,-0.817230,461.741403,0.965834,0.000000,0.000000,0.000000,0.000000,1.783065,-0.374178
53.8750,-116.802599,-167.140809,0.424148,-1.671408,311.950786,1.261089,-428.753385,-0.296010,0.000000,0.000000,0.000000,0.000000,-1.557099,2.526197
53.9000,382.746893,69.042262,0.267204,0.690423,309.509248,1.060397,219.245058,0.963986,0.000000,0.000000,0.000000,0.000000,-0.096410,14.525695
53.9250,-594.297794,6.023862,-0.106764,0.060239,-966.826731,-1.729208,0.000000,0.000000,0.000000,0.000000,0.000000,0.000000,0.000000,0.000000
53.9500,-220.214168,219.015847,-0.550223,2.190158,112.901473,0.223085,0.000000,0.000000,0.000000,0.000000,0.000000,0.000000,0.000000,0.000000
53.9750,134.061959,183.677087,0.271136,1.836771,-371.242868,-0.533910,0.000000,0.000000,0.000000,0.000000,0.000000,0.000000,0.000000,0.000000
54.0000,-35.990384,169.055990,0.169781,1.690560,-173.675801,-2.601206,11.110863,0.090445,246.459796,1.289195,0.000000,0.000000,2.691651,18.465077
54.0250,236.254185,-149.710534,0.382705,-1.497105,172.826181,0.908516,172.859843,0.078628,0.000000,0.000000,0.000000,0.000000,-0.829888,2.456776
54.0500,898.778032,39.506308,0.941835,0.395063,256.000160,0.858828,642.777871,1.015444,0.000000,0.000000,0.000000,0.000000,0.156616,2.824548
54.0750,93.585598,75.062831,0.504596,0.750628,459.758955,1.726767,-366.173357,-0.634917,0.000000,0.000000,0.000000,0.000000,-2.361684,1.153649
54.1000,417.669617,-77.645928,0.045419,-0.776459,-163.153007,-0.605462,536.759571,0.552105,0.000000,0.000000,0.000000,0.000000,1.157568,-4.268507
54.1250,-372.787396,59.972543,0.098093,0.599725,140.871388,0.859014,-420.402998,-0.479450,0.000000,0.000000,0.000000,0.000000,-1.338463,2.479737
54.1500,-385.710020,131.476599,-0.351099,1.314766,-70.456603,-0.133702,-264.802618,-0.490599,0.000000,0.000000,0.000000,0.000000,-0.356897,-0.495339
54.1750,-297.008393,-148.537736,-0.148836,-1.485377,38.384785,0.327972,-297.004938,-0.475787,0.000000,0.000000,0.000000,0.000000,-0.803759,6.978736
54.2000,-743.884860,-97.445248,-0.400653,-0.974452,181.715569,0.426449,-1044.578894,-1.581660,0.000000,0.000000,0.000000,0.000000,-2.008110,3.187549
54.2250,-159.325585,74.330299,-0.032849,0.743303,63.355069,0.606178,-222.680654,-0.622720,0.000000,0.000000,0.000000,0.000000,-1.228898,-3.269163
54.2500,212.121587,-173.447749,0.027073,-1.734477,-242.799026,-2.518808,-168.271673,-2.337069,40.615734,0.067466,0.000000,0.000000,0.181739,-0.565024
54.2750,-375.114666,-38.822945,-0.739528,-0.388229,-449.949110,-1.706467,130.015578,0.267542,0.000000,0.000000,0.000000,0.000000,1.974010,3.752367
54.3000,-489.032103,9.373235,-0.355307,0.093732,112.484581,0.126096,-601.516685,-0.817832,0.000000,0.000000,0.000000,0.000000,-0.943927,-2.018848
54.3250,-77.101058,137.928248,0.212691,1.379282,50.048854,0.521463,-127.149912,-0.089967,0.000000,0.000000,0.000000,0.000000,-0.611430,-0.667757
54.3500,-184.253540,-112.461749,0.299661,-1.124617,57.023180,1.384145,-68.562915,-1.494393,-271.379245,-1.409544,0.000000,0.000000,-2.878537,0.004357
54.3750,829.272933,-158.249505,0.890683,-1.582495,160.455211,0.910832,657.850391,0.848734,0.000000,0.000000,0.000000,0.000000,-0.062097,4.629560
54.4000,690.281156,50.283643,0.779926,0.502836,380.216472,1.210682,310.064684,0.357699,0.000000,0.000000,0.000000,0.000000,-0.852984,3.629904
54.4250,374.264559,26.506940,0.681185,0.265069,248.409112,1.263572,109.037893,0.105075,0.000000,0.000000,0.000000,0.000000,-1.158497,-2.105239
54.4500,-209.951129,109.417578,-0.641300,1.094176,-203.539202,-1.044260,91.076189,0.014772,0.000000,0.000000,0.000000,0.000000,1.059032,0.657213
54.4750,-38.020371,224.765610,-0.109198,2.247656,36.064754,-0.331628,-74.085125,0.104510,0.000000,0.000000,0.000000,0.000000,0.436139,-0.440022
54.5000,118.451761,131.457354,0.354044,1.314574,241.237590,1.041515,-120.431381,-0.236840,0.000000,0.000000,0.000000,0.000000,-1.278355,-1.942486
54.5250,-172.303924,71.177141,-0.151642,0.711771,-69.130422,-0.183436,-129.867641,-0.163561,0.000000,0.000000,0.000000,0.000000,0.019875,0.890053
54.5500,149.405909,-68.335569,0.214883,-0.683356,7.521636,0.065619,148.748035,0.368396,0.000000,0.000000,0.000000,0.000000,0.302777,0.200271
54.5750,192.045855,-126.876904,0.609301,-1.268769,380.518967,1.607255,-154.365787,-0.273596,0.000000,0.000000,0.000000,0.000000,-1.880852,-0.041499
54.6000,-264.944825,-44.830778,-0.113397,-0.448308,60.969365,0.297493,-219.282632,-0.321089,0.000000,0.000000,0.000000,0.000000,-0.618583,-4.318237
54.6250,-177.946855,-170.359580,-0.223906,-1.703596,-97.895873,-0.369840,-164.282263,-0.224514,0.000000,0.000000,0.000000,0.000000,0.145325,-2.509040
54.6500,367.536951,-53.644596,0.242234,-0.536446,-38.194796,-0.256991,415.505899,0.741856,0.000000,0.000000,0.000000,0.000000,0.998847,0.987952
54.6750,-390.767047,20.977911,-0.908070,0.209779,-418.121897,-1.972851,27.354849,0.114954,0.000000,0.000000,0.000000,0.000000,2.087805,-3.720171
54.7000,-123.964198,-168.439635,-0.349639,-1.684396,130.446861,2.084546,-131.456367,-2.714355,-543.110590,-2.246659,0.000000,0.000000,-4.798902,8.264672
54.7250,57.223816,-133.603106,0.138614,-1.336031,-67.438119,0.133923,124.661935,0.143166,0.000000,0.000000,0.000000,0.000000,0.009244,-0.444226
54.7500,126.891059,-22.044413,0.673517,-0.220444,546.433557,2.014272,-386.262616,-0.462739,0.000000,0.000000,0.000000,0.000000,-2.477011,-0.360712
54.7750,-71.704671,-101.068975,-0.843718,-1.010690,-462.145798,-2.220374,390.441127,0.452745,0.000000,0.000000,0.000000,0.000000,2.673119,-2.240419
54.8000,-364.692355,229.773535,-0.305673,2.297735,-84.947990,-0.170944,-279.744365,-0.433830,0.000000,0.000000,0.000000,0.000000,-0.262886,1.487127
54.8250,158.193677,251.261348,0.212429,2.512613,68.741544,0.352615,89.452133,0.079082,0.000000,0.000000,0.000000,0.000000,-0.273533,2.694415
54.8500,139.961251,167.410327,0.000728,1.674103,-47.207241,-0.245579,187.168493,0.232688,0.000000,0.000000,0.000000,0.000000,0.478267,5.935547
54.8750,638.704401,-118.642587,0.239986,-1.186426,-212.680145,-0.884746,738.162082,1.094025,0.000000,0.000000,0.000000,0.000000,1.978772,-6.183297
54.9000,227.078745,41.710033,1.380720,0.417100,938.690328,3.725912,-711.611583,-0.827858,0.000000,0.000000,0.000000,0.000000,-4.553770,5.041938
54.9250,306.953445,79.108503,0.548149,0.791085,293.138991,1.363267,13.814454,-0.204266,0.000000,0.000000,0.000000,0.000000,-1.567533,0.162404
54.9500,116.836175,-35.834760,0.391715,-0.358348,161.146884,0.646440,-44.310710,0.156584,0.000000,0.000000,0.000000,0.000000,-0.489856,3.843291
54.9750,99.919159,65.141518,-0.641513,0.651415,-452.862146,-1.836102,424.325264,0.226915,0.000000,0.000000,0.000000,0.000000,2.063018,2.120031
55.0000,-45.429264,85.995461,-0.418929,0.859955,-295.260308,-1.213547,137.787022,0.113843,0.000000,0.000000,0.000000,0.000000,1.327390,1.468835
55.0250,-434.692159,-95.767343,0.213896,-0.957673,317.913890,1.368336,-722.821306,-0.828073,0.000000,0.000000,0.000000,0.000000,-2.196409,-3.564360
55.0500,-188.338722,-133.623113,-0.988758,-1.336231,-392.493322,-2.203584,204.154600,0.178429,0.000000,0.000000,0.000000,0.000000,2.382013,2.213743
55.0750,14.972091,148.341191,0.104694,1.483412,-27.341766,0.088384,164.338071,0.322688,0.000000,0.000000,0.000000,0.000000,0.234304,-3.389149
55.1000,192.892358,-159.222463,0.168699,-1.592225,-38.217449,-0.169287,231.109807,0.483826,0.000000,0.000000,0.000000,0.000000,0.653112,0.944688
55.1250,-569.533234,-96.665813,-0.459124,-0.966658,54.009588,0.150111,-623.542822,-1.021494,0.000000,0.000000,0.000000,0.000000,-1.171604,-2.396485
55.1500,-522.038808,-22.845161,-0.637058,-0.228452,-43.118578,-0.775209,-478.920230,-0.508250,0.000000,0.000000,0.000000,0.000000,0.266959,1.812630
55.1750,80.423185,121.571327,-0.008138,1.215713,-4.728422,-0.080117,108.658814,0.091693,0.000000,0.000000,0.000000,0.000000,0.171810,-0.745595
55.2000,-9.429698,-83.138795,-0.712747,-0.831388,-603.275370,-2.516051,529.229406,0.818104,0.000000,0.000000,0.000000,0.000000,3.334155,2.427645
55.2250,627.799910,-113.950280,0.874656,-1.139503,315.286979,1.506280,374.940945,0.434791,0.000000,0.000000,0.000000,0.000000,-1.071489,3.310681
55.2500,824.215738,50.833271,0.921720,0.508333,242.594107,0.973764,420.914308,0.661521,0.000000,0.000000,0.000000,0.000000,-0.312243,-2.682889
55.2750,350.764540,34.328198,1.057530,0.343282,619.124044,2.690498,-310.516127,-0.467914,0.000000,0.000000,0.000000,0.000000,-3.158412,-4.978859
55.3000,-365.438790,212.681836,-0.200286,2.126818,-9.706414,0.029393,-296.245902,-0.305343,0.000000,0.000000,0.000000,0.000000,-0.334736,-4.250999
55.3250,-37.059297,235.291556,0.151745,2.352916,286.070208,0.950327,-163.763787,-0.010457,0.000000,0.000000,0.000000,0.000000,-0.960784,-0.034026
55.3500,249.831254,182.124948,0.243672,1.821249,104.618810,0.300453,145.212445,0.191781,0.000000,0.000000,0.000000,0.000000,-0.108672,-4.456762
55.3750,-127.433249,61.339884,0.129478,0.613399,-52.766122,-0.867452,103.127382,2.348802,-132.424098,-0.606140,0.000000,0.000000,3.216254,3.687716
55.4000,294.338668,-67.057670,0.274761,-0.670577,306.141156,0.737627,-11.802488,-0.152500,0.000000,0.000000,0.000000,0.000000,-0.890127,-1.780716
55.4250,185.748878,-81.956963,0.473886,-0.819570,52.238495,0.814238,133.510383,0.159715,0.000000,0.000000,0.000000,0.000000,-0.654522,-2.627028
55.4500,-214.683041,-11.294200,-0.540673,-0.112942,-269.019245,-1.076917,54.336204,-0.060340,0.000000,0.000000,0.000000,0.000000,1.016577,1.785981
55.4750,-390.000704,-171.465967,-0.605893,-1.714660,-233.910532,-2.062298,-84.438748,-1.172869,8.942010,0.041736,0.000000,0.000000,0.889429,3.326050
55.5000,187.178833,73.060251,0.984065,0.730603,637.428331,2.795299,-431.230105,-0.579537,0.000000,0.000000,0.000000,0.000000,-3.374836,-2.839738
55.5250,-575.075189,61.825823,-0.072219,0.618258,189.798037,0.953951,-786.514059,-1.068666,0.000000,0.000000,0.000000,0.000000,-2.022617,-5.136266
55.5500,-203.417021,-206.058707,-0.397799,-2.060587,-138.563556,-1.789846,-64.531327,-1.073625,192.425101,0.661040,0.000000,0.000000,0.716221,-3.321329
55.5750,-26.403615,-173.501359,-0.303649,-1.735014,-141.265734,-0.772788,114.862119,0.125085,0.000000,0.000000,0.000000,0.000000,0.897873,-3.937231
55.6000,10.823110,62.956993,0.603573,0.629570,262.474888,1.519252,-251.651779,-0.208445,0.000000,0.000000,0.000000,0.000000,-1.727697,-3.152232
55.6250,-182.825582,-143.161421,-0.527291,-1.431614,-145.284588,-1.040742,-8.270824,-0.002450,0.000000,0.000000,0.000000,0.000000,1.038292,3.940831
55.6500,-323.776547,161.292180,-0.408265,1.612922,-228.126022,-0.670882,-139.166127,-0.242886,0.000000,0.000000,0.000000,0.000000,0.427996,-5.009503
55.6750,-240.185160,207.731453,0.358973,2.077315,592.724694,2.135188,-832.909854,-1.280611,0.000000,0.000000,0.000000,0.000000,-3.415798,-0.233572
55.7000,495.097929,206.236239,-0.399260,2.062362,-620.554613,-2.531317,1115.652542,1.628794,0.000000,0.000000,0.000000,0.000000,4.160110,0.237950
55.7250,594.817563,-92.575381,0.585774,-0.925754,67.008943,0.487133,527.808620,0.675919,0.000000,0.000000,0.000000,0.000000,0.188786,-0.216692
55.7500,945.051867,18.896021,0.703919,0.188960,133.811301,1.916881,630.555583,3.127347,-42.869243,-0.203206,0.000000,0.000000,1.210465,-7.693118
55.7750,736.424928,68.160343,0.105528,0.681603,-394.102930,-1.606955,1130.527858,1.654917,0.000000,0.000000,0.000000,0.000000,3.261872,6.424905
55.8000,293.099289,-31.551133,0.355785,-0.315511,149.841544,0.547844,143.257745,0.174915,0.000000,0.000000,0.000000,0.000000,-0.372929,4.457629
55.8250,-344.525345,111.824040,-0.417925,1.118240,-258.025756,-0.821884,-152.994406,-0.225819,0.000000,0.000000,0.000000,0.000000,0.596065,3.789197
55.8500,-415.690489,152.603283,-0.113621,1.526033,164.840711,0.501184,-638.274489,-0.865066,0.000000,0.000000,0.000000,0.000000,-1.366249,-2.982519
55.8750,80.896022,-7.678028,0.076436,-0.076780,-80.056499,-0.053720,137.403201,0.129483,0.000000,0.000000,0.000000,0.000000,0.183203,1.470408
55.9000,-535.970686,-89.141469,-0.523403,-0.891415,25.075998,0.335445,0.185611,-0.105956,-387.337877,-1.161444,0.000000,0.000000,-0.441401,12.461265
55.9250,298.146618,137.820178,-0.079244,1.378202,-297.950699,-1.395896,596.097317,1.088353,0.000000,0.000000,0.000000,0.000000,2.484249,-5.497228
55.9500,273.622477,-150.675900,0.285008,-1.506759,46.318881,0.282128,227.999438,0.305350,0.000000,0.000000,0.000000,0.000000,0.023222,-2.418261
55.9750,-407.887297,-59.183769,-1.099577,-0.591838,-421.602056,-4.972352,-15.236566,-0.247733,476.053804,1.590214,0.000000,0.000000,4.724618,-5.742884
56.0000,-734.665812,-46.928837,-0.894927,-0.469288,-203.449037,-1.353285,-531.216775,-0.463270,0.000000,0.000000,0.000000,0.000000,0.890015,-2.291314
56.0250,330.208113,116.732737,-0.053596,1.167327,-155.463811,-0.736417,485.671924,0.576700,0.000000,0.000000,0.000000,0.000000,1.313117,-0.859422
56.0500,-532.242431,-70.565788,-0.673935,-0.705658,-319.208816,-1.311550,-223.013304,-0.184438,0.000000,0.000000,0.000000,0.000000,1.127112,1.075489
56.0750,565.898781,-103.866628,-0.150594,-1.038666,63.105749,0.559192,-323.926390,-4.830346,412.746780,1.173607,0.000000,0.000000,-5.389538,7.336830
56.1000,671.457972,2.504792,0.582292,0.025048,14.329553,0.245016,610.487686,0.798821,0.000000,0.000000,0.000000,0.000000,0.553805,3.927499
56.1250,331.675758,34.014965,0.568989,0.340150,210.018043,1.004706,121.657714,0.158654,0.000000,0.000000,0.000000,0.000000,-0.846052,0.823121
56.1500,-190.511676,153.910707,-0.631568,1.539107,-459.996692,-1.732389,233.821337,0.304204,0.000000,0.000000,0.000000,0.000000,2.036593,-0.605673
56.1750,102.139466,271.427076,0.071533,2.714271,-85.516891,-0.239601,187.656357,0.361624,0.000000,0.000000,0.000000,0.000000,0.601225,-2.478752
56.2000,246.232916,181.845452,0.251198,1.818455,57.451150,0.300473,188.781766,0.206166,0.000000,0.000000,0.000000,0.000000,-0.094306,-0.993221
56.2250,-9.238836,163.524265,-0.538452,1.635243,-433.297530,-1.800256,424.058694,0.673870,0.000000,0.000000,0.000000,0.000000,2.474126,-3.476247
56.2500,379.439149,-48.155419,0.612276,-0.481554,224.313963,0.961372,155.125186,0.293245,0.000000,0.000000,0.000000,0.000000,-0.668126,-5.875022
56.2750,378.238581,-32.555976,0.615449,-0.325560,200.189630,1.018940,178.048952,0.246709,0.000000,0.000000,0.000000,0.000000,-0.772231,-2.242111
56.3000,-126.849252,1.916783,-0.025872,0.019168,-0.782097,0.227307,-126.067156,-0.261928,0.000000,0.000000,0.000000,0.000000,-0.489235,-0.742875
56.3250,246.358908,-82.057697,-0.527161,-0.820577,-508.597566,-2.185364,754.956474,1.034447,0.000000,0.000000,0.000000,0.000000,3.219810,1.079489
56.3500,302.978893,72.656198,0.577252,0.726562,242.734532,1.126336,60.244361,0.075458,0.000000,0.000000,0.000000,0.000000,-1.050877,0.304321
56.3750,-351.859994,108.659781,-0.723561,1.086598,-303.571547,-1.385163,-48.288447,-0.118939,0.000000,0.000000,0.000000,0.000000,1.266224,-3.340097
56.4000,-39.192036,-230.098204,-0.403381,-2.300982,-140.166041,-0.837603,211.884953,0.309171,0.000000,0.000000,0.000000,0.000000,1.146774,2.967800
56.4250,-22.300158,-237.767525,-0.513535,-2.377675,-339.483587,-1.343105,317.183429,0.252221,0.000000,0.000000,0.000000,0.000000,1.595327,3.371121
56.4500,0.735880,56.809219,0.285960,0.568092,9.850367,0.344893,-97.421540,-2.148216,-101.153807,-0.363775,0.000000,0.000000,-2.493108,10.214755
56.4750,-339.234877,-147.092977,0.311369,-1.470930,279.622182,1.439596,-618.857059,-0.719690,0.000000,0.000000,0.000000,0.000000,-2.159286,-5.094509
56.5000,-340.350887,51.980317,-0.373542,0.519803,-91.105131,-0.629294,-270.333889,-0.203805,0.000000,0.000000,0.000000,0.000000,0.425489,-2.204025
56.5250,41.111471,136.326851,-0.044807,1.363269,-14.334230,-0.178821,48.884677,0.071238,0.000000,0.000000,0.000000,0.000000,0.250059,3.314108
56.5500,222.997432,161.372771,0.310123,1.613728,24.911701,0.425116,198.085731,0.205034,0.000000,0.000000,0.000000,0.000000,-0.220081,-0.751696
56.5750,503.067674,-26.527689,0.427546,-0.265277,-49.839107,0.136580,552.906780,0.696130,0.000000,0.000000,0.000000,0.000000,0.559550,4.016675
56.6000,861.831877,10.391893,0.913514,0.103919,298.407522,1.142112,653.801972,0.994820,0.000000,0.000000,0.000000,0.000000,-0.147292,-0.188513
56.6250,994.737704,-4.624292,0.169586,-0.046243,-370.998469,-1.840146,1337.688873,1.970163,0.000000,0.000000,0.000000,0.000000,3.810309,1.456568
56.6500,392.224491,-23.660689,0.187660,-0.236607,-33.626032,-0.118714,425.850524,0.470467,0.000000,0.000000,0.000000,0.000000,0.589180,-2.144194
56.6750,-152.723629,159.538312,-0.165025,1.595383,-133.826382,-0.143318,-18.897246,-0.184863,0.000000,0.000000,0.000000,0.000000,-0.041545,2.907311
56.7000,-59.783444,219.229212,-0.085092,2.192292,13.399979,-0.058793,-73.183423,-0.109368,0.000000,0.000000,0.000000,0.000000,-0.050576,2.747322
56.7250,-190.345733,11.657282,-0.032035,0.116573,142.083828,0.466489,-337.840741,-0.504044,0.000000,0.000000,0.000000,0.000000,-0.970533,2.953167
56.7500,-529.489367,-21.761988,-0.049126,-0.217620,234.525796,1.035133,-756.894623,-1.050928,0.000000,0.000000,0.000000,0.000000,-2.086062,-0.535190
56.7750,512.061875,77.463402,0.314619,0.774634,109.398490,0.118913,402.663385,0.504540,0.000000,0.000000,0.000000,0.000000,0.385627,4.657622
56.8000,241.678037,-115.477546,0.430796,-1.154775,158.947800,0.890909,82.730238,-0.020205,0.000000,0.000000,0.000000,0.000000,-0.911115,0.321051
56.8250,-461.075963,-67.729025,-1.288469,-0.677290,-603.093481,-2.807660,184.475049,0.205578,0.000000,0.000000,0.000000,0.000000,3.013238,0.231059
56.8500,-804.995548,-89.601770,-1.020342,-0.896018,-392.029394,-1.473098,-390.785936,-0.556528,0.000000,0.000000,0.000000,0.000000,0.916570,3.682012
56.8750,-2.592991,10.076071,0.469009,0.100761,301.864194,1.230156,-327.637543,-0.265893,0.000000,0.000000,0.000000,0.000000,-1.496049,0.025953
56.9000,-276.445066,12.310156,-0.643093,0.123102,-193.944406,-0.996174,94.822865,0.111539,0.000000,0.000000,0.000000,0.000000,1.107713,4.219812
56.9250,279.226538,-113.241539,-0.194528,-1.132415,-139.907159,-0.872117,505.703790,0.648305,0.000000,0.000000,0.000000,0.000000,1.520423,-0.236109
56.9500,345.335170,-18.911729,0.660401,-0.189117,337.499929,1.442438,-0.766688,-0.101021,0.000000,0.000000,0.000000,0.000000,-1.543458,-1.326878
56.9750,437.454074,114.534038,0.534692,1.145340,49.304542,0.382599,388.149533,0.677926,0.000000,0.000000,0.000000,0.000000,0.295327,6.540682
57.0000,21.508640,98.671580,-0.270625,0.986716,-15.995315,-0.279469,-90.340880,-1.403750,526.927728,1.783941,0.000000,0.000000,-1.124281,16.835724
57.0250,-234.381934,303.815236,0.012943,3.038152,201.076848,0.790872,-435.458782,-0.705145,0.000000,0.000000,0.000000,0.000000,-1.496017,-6.891939
57.0500,748.966209,210.774278,-0.126069,2.107743,-398.481760,-1.893189,1147.447969,1.505118,0.000000,0.000000,0.000000,0.000000,3.398307,0.043751
57.0750,-262.294539,97.136914,-0.063660,0.971369,-46.876009,0.106514,-215.418530,-0.220743,0.000000,0.000000,0.000000,0.000000,-0.327257,-0.105457
57.1000,252.331833,-55.820865,-0.025045,-0.558209,-47.074382,-0.511539,299.406215,0.433111,0.000000,0.000000,0.000000,0.000000,0.944650,-1.181154
57.1250,900.221933,-54.713914,0.639153,-0.547139,76.639738,0.139790,823.582195,1.109427,0.000000,0.000000,0.000000,0.000000,0.969637,-4.571602
57.1500,179.524276,-7.257379,0.299266,-0.072574,150.771864,0.709188,109.385751,0.054666,0.000000,0.000000,0.000000,0.000000,-0.654523,1.754774
57.1750,-78.058273,-79.823754,0.032976,-0.798238,106.667344,0.371920,-227.035294,-0.385396,0.000000,0.000000,0.000000,0.000000,-0.757316,-4.917283
57.2000,585.771598,141.875516,-0.199561,1.418755,-438.714210,-1.949412,1024.485809,1.431943,0.000000,0.000000,0.000000,0.000000,3.381356,2.298269
57.2250,-261.062660,128.413070,-0.635402,1.284131,-262.280928,-1.197624,-82.258705,-0.289787,0.000000,0.000000,0.000000,0.000000,0.907837,-6.863221
57.2500,-377.764881,-250.368487,-0.032647,-2.503685,122.868348,0.660141,-522.302469,-0.722705,0.000000,0.000000,0.000000,0.000000,-1.382846,3.705035
57.2750,-100.799767,-201.516078,-0.528386,-2.015161,-181.317798,-1.055820,80.518031,-0.041523,0.000000,0.000000,0.000000,0.000000,1.014297,1.664047
57.3000,-285.110640,43.275718,-0.118337,0.432757,68.118381,0.307996,-353.229021,-0.527950,0.000000,0.000000,0.000000,0.000000,-0.835946,-3.784444
57.3250,229.104462,-122.115178,-0.136895,-1.221152,-0.905692,0.046857,-72.161004,-1.078829,272.718156,0.699976,0.000000,0.000000,-1.125687,8.523813
57.3500,-529.646391,-49.624377,-0.107095,-0.496244,174.488999,0.831643,-761.956640,-1.091148,0.000000,0.000000,0.000000,0.000000,-1.922792,-0.296760
57.3750,-186.201594,104.664158,-0.200591,1.046642,60.039310,0.067525,-250.726670,-0.463954,0.000000,0.000000,0.000000,0.000000,-0.531479,1.195307
57.4000,222.630227,110.528287,0.563850,1.105283,368.712841,1.375319,-243.874401,-0.413477,0.000000,0.000000,0.000000,0.000000,-1.788796,0.461105
57.4250,703.266003,-32.048268,-0.024437,-0.320483,-219.190048,-1.085911,922.456051,0.975204,0.000000,0.000000,0.000000,0.000000,2.061115,-5.273744
57.4500,698.448462,-16.012843,1.101404,-0.160128,420.816935,1.748878,277.631528,0.497720,0.000000,0.000000,0.000000,0.000000,-1.251157,-0.599218
57.4750,734.065240,136.941658,0.466402,1.369417,-48.346753,-0.144914,782.411993,1.047898,0.000000,0.000000,0.000000,0.000000,1.192812,-3.659401
57.5000,343.390276,-73.288637,0.225761,-0.732886,-55.601172,-0.208202,275.894449,0.395046,0.000000,0.000000,0.000000,0.000000,0.603248,-0.908785
57.5250,92.978505,80.002021,-0.436111,0.800020,-256.968051,-1.284243,349.946555,0.346780,0.000000,0.000000,0.000000,0.000000,1.631023,1.111483
57.5500,-126.415422,256.427997,0.220802,2.564280,184.798037,0.816957,-307.141117,-0.330468,0.000000,0.000000,0.000000,0.000000,-1.147425,-6.772783
57.5750,35.959230,30.942214,-0.116438,0.309422,8.283504,-0.414230,27.675726,0.166828,0.000000,0.000000,0.000000,0.000000,0.581057,2.834693
57.6000,-596.810836,17.545308,0.270207,0.175453,471.340568,2.011687,-1058.920315,-1.350723,0.000000,0.000000,0.000000,0.000000,-3.362410,0.301063
57.6250,722.085493,47.750916,0.252776,0.477509,-137.931730,-0.529921,860.017223,1.012339,0.000000,0.000000,0.000000,0.000000,1.542259,0.212817
57.6500,696.895360,-137.932536,0.299174,-1.379325,442.657857,1.889038,-124.111198,-2.384204,272.627639,1.468332,0.000000,0.000000,-4.273243,-4.018963
57.6750,-740.083580,-37.802775,-1.047695,-0.378028,-195.501084,-1.413580,-544.582496,-0.699658,0.000000,0.000000,0.000000,0.000000,0.713922,2.686060
57.7000,-432.251294,-162.608420,-0.560307,-1.626084,-162.093812,-0.218759,-195.687857,-0.753545,0.000000,0.000000,0.000000,0.000000,-0.534786,1.277127
57.7250,238.805000,-40.724348,0.010674,-0.407243,-102.894418,-1.270183,77.480368,0.941091,366.029775,0.856193,0.000000,0.000000,2.211273,-3.556706
57.7500,-747.121401,33.784561,-0.251392,0.337846,19.753492,0.293025,89.808396,1.541164,-563.929903,-1.945469,0.000000,0.000000,1.248139,13.657011
57.7750,-215.295005,-129.758462,0.308701,-1.297585,346.951493,1.626964,-468.705593,-0.652782,0.000000,0.000000,0.000000,0.000000,-2.279746,-0.211952
57.8000,-159.490132,-99.702059,0.975408,-0.997021,764.028404,3.391317,-923.518537,-1.124401,0.000000,0.000000,0.000000,0.000000,-4.515718,1.192894
57.8250,528.190020,103.148832,0.439060,1.031488,34.182967,0.130705,380.673925,0.447818,0.000000,0.000000,0.000000,0.000000,0.317113,-2.960576
57.8500,-155.525050,92.941073,-0.259788,0.929411,-166.778319,-0.733798,11.253270,0.173399,0.000000,0.000000,0.000000,0.000000,0.907197,-3.333927
57.8750,-175.223374,229.510607,-0.356814,2.295106,-168.178857,-0.749288,-64.204639,-0.130731,0.000000,0.000000,0.000000,0.000000,0.618557,-0.457793
57.9000,356.728605,208.106166,0.035279,2.081062,-230.758224,-0.744664,587.486829,0.740941,0.000000,0.000000,0.000000,0.000000,1.485605,-3.231858
57.9250,-282.753793,153.398607,0.190720,1.533986,-542.882036,-0.761638,232.887177,1.282723,0.000000,0.000000,0.000000,0.000000,2.044361,0.758986
57.9500,309.392929,-81.726823,0.201703,-0.817268,24.540555,0.084179,308.889630,0.379786,0.000000,0.000000,0.000000,0.000000,0.295607,-0.056674
57.9750,563.145918,-5.122340,0.890718,-0.051223,282.067705,1.247285,153.286939,0.159746,0.000000,0.000000,0.000000,0.000000,-1.087539,1.350024
58.0000,395.979370,28.969029,0.161008,0.289690,15.575861,-0.121537,380.403508,0.419220,0.000000,0.000000,0.000000,0.000000,0.540757,-5.756473
58.0250,169.607539,-83.180070,0.313632,-0.831801,23.584943,0.319027,146.022596,0.308651,0.000000,0.000000,0.000000,0.000000,-0.010376,-1.517701
58.0500,-247.291085,133.864591,0.109622,1.338646,248.680066,1.202348,-399.764683,-0.637033,0.000000,0.000000,0.000000,0.000000,-1.839381,8.813661
58.0750,-261.114048,151.213051,-0.933932,1.512131,-385.021570,-2.155945,6.559075,-0.040796,0.000000,0.000000,0.000000,0.000000,2.115148,1.684020
58.1000,-261.282088,-186.633509,-0.184943,-1.866335,-86.203493,-0.092545,-242.590391,-0.398779,0.000000,0.000000,0.000000,0.000000,-0.306235,1.810413
58.1250,-660.150999,-114.715901,-0.298574,-1.147159,118.739753,0.676503,-778.890752,-1.198645,0.000000,0.000000,0.000000,0.000000,-1.875148,-3.470516
58.1500,79.047785,34.737600,-0.203710,0.347376,-86.868137,-0.574096,86.941171,-0.023364,0.000000,0.000000,0.000000,0.000000,0.550731,6.403935
58.1750,-29.577113,-145.490457,0.074779,-1.454905,47.956849,0.318599,-77.533962,-0.139278,0.000000,0.000000,0.000000,0.000000,-0.457877,2.972920
58.2000,-468.069265,7.088722,-0.847220,0.070887,-282.137771,-1.421910,-185.931494,-0.300563,0.000000,0.000000,0.000000,0.000000,1.121348,1.074737
58.2250,-345.798782,76.246303,-0.521864,0.762463,-252.693551,-0.351610,-77.178441,-0.740442,0.000000,0.000000,0.000000,0.000000,-0.388832,-0.801768
58.2500,384.293285,156.110080,-0.005035,1.561101,30.190834,-0.429474,394.011201,0.493031,0.000000,0.000000,0.000000,0.000000,0.922505,-2.604247
58.2750,214.591480,-127.130083,-0.008323,-1.271301,-86.133961,-0.239817,431.634804,0.517967,0.000000,0.000000,0.000000,0.000000,0.757784,5.051687
58.3000,886.770461,-94.133007,0.515514,-0.941330,-30.999290,-0.332508,895.176020,1.253809,0.000000,0.000000,0.000000,0.000000,1.586317,-7.079471
58.3250,800.658962,53.834683,0.553001,0.538347,871.711756,1.110733,65.489814,0.313012,0.000000,0.000000,0.000000,0.000000,-0.797721,2.803383
58.3500,303.547800,15.432216,0.920793,0.154322,437.845567,2.081883,-134.297767,-0.119235,0.000000,0.000000,0.000000,0.000000,-2.201118,-2.251675
58.3750,-433.329212,89.823412,-0.415340,0.898234,-319.393493,-0.352815,-87.204727,-0.431273,0.000000,0.000000,0.000000,0.000000,-0.078459,-2.066959
58.4000,0.983914,264.543190,0.124311,2.645432,46.943398,0.278893,-45.959483,-0.018381,0.000000,0.000000,0.000000,0.000000,-0.297275,4.999988
58.4250,115.094666,101.372273,0.302354,1.013723,375.365445,1.016234,-260.270779,-0.356612,0.000000,0.000000,0.000000,0.000000,-1.372846,-1.514100
58.4500,-166.643434,71.731842,-0.108240,0.717318,29.094711,0.161852,-67.447881,-0.051001,0.000000,0.000000,0.000000,0.000000,-0.212852,2.582770
58.4750,-26.627304,-26.148647,0.335435,-0.261486,34.112252,0.581081,-102.178903,0.006926,0.000000,0.000000,0.000000,0.000000,-0.574155,-1.531632
58.5000,503.225854,-123.878540,0.622747,-1.238785,-16.850974,0.405102,520.076828,0.821648,0.000000,0.000000,0.000000,0.000000,0.416545,-4.307378
58.5250,-412.757571,-68.718826,-0.878618,-0.687188,322.558989,0.567829,0.000000,0.000000,0.000000,0.000000,0.000000,0.000000,0.000000,0.000000
58.5500,-396.386862,-114.576967,-0.164088,-1.145770,-399.001321,-0.390492,-91.650194,-0.153645,0.000000,0.000000,0.000000,0.000000,0.236848,-2.957142
58.5750,206.268659,-1.747733,0.157414,-0.017477,138.534640,0.153807,-43.611195,-0.111250,0.000000,0.000000,0.000000,0.000000,-0.265057,-2.092766
58.6000,-713.380496,9.960278,-0.626756,0.099603,-597.529631,-0.861212,-156.481329,-0.478767,0.000000,0.000000,0.000000,0.000000,0.382445,4.092054
58.6250,110.495686,-185.951745,-0.061774,-1.859517,10.769459,-0.017759,95.149924,-0.110787,0.000000,0.000000,0.000000,0.000000,-0.093028,1.975259
58.6500,-267.568696,-148.088689,0.216008,-1.480887,-481.368332,-0.573019,160.267997,0.978938,0.000000,0.000000,0.000000,0.000000,1.551957,-2.582771
58.6750,368.387104,45.678235,0.323465,0.456782,663.837835,1.060103,0.000000,0.000000,0.000000,0.000000,0.000000,0.000000,0.000000,0.000000
58.7000,-604.422540,17.280806,-0.317482,0.172808,61.457689,0.345664,-665.880229,-0.941998,0.000000,0.000000,0.000000,0.000000,-1.287662,0.098129
58.7250,-516.238304,271.312828,-0.317251,2.713128,-358.053668,-0.477985,-180.193632,-0.205113,0.000000,0.000000,0.000000,0.000000,0.272873,-2.128389
58.7500,236.557532,215.246248,0.105631,2.152462,419.908003,0.596491,-174.393955,-0.449587,0.000000,0.000000,0.000000,0.000000,-1.046078,-4.793843
58.7750,57.608356,184.142823,0.066151,1.841428,105.271621,0.156606,-14.854697,0.019733,0.000000,0.000000,0.000000,0.000000,-0.136873,4.319432
58.8000,369.973662,-129.700480,0.139006,-1.297005,587.837920,0.890402,-279.809555,-0.824509,0.000000,0.000000,0.000000,0.000000,-1.714910,-0.339910
58.8250,836.373054,39.290370,0.719744,0.392904,658.198637,0.859988,109.257128,0.449148,0.000000,0.000000,0.000000,0.000000,-0.410840,-2.737914
58.8500,16.394692,67.687188,0.747755,0.676872,-548.010130,-0.737371,436.727869,2.138877,0.000000,0.000000,0.000000,0.000000,2.876248,0.189370
58.8750,106.261208,-40.629523,0.607158,-0.406295,-395.752413,-0.389443,309.918981,1.272657,0.000000,0.000000,0.000000,0.000000,1.662100,3.473485
58.9000,-375.291397,69.315384,-0.024538,0.693154,323.480677,1.014519,-698.772074,-0.927644,0.000000,0.000000,0.000000,0.000000,-1.942163,2.123271
58.9250,-778.932766,147.282774,-0.144452,1.472828,-1016.665665,-1.377532,172.050382,1.037780,0.000000,0.000000,0.000000,0.000000,2.415311,3.556108
58.9500,-494.575298,-104.450289,0.061620,-1.044503,238.747858,1.171603,-733.323156,-0.883921,0.000000,0.000000,0.000000,0.000000,-2.055524,0.302068
58.9750,-611.379945,-52.658204,-0.255623,-0.526582,21.400359,0.459122,-632.780303,-0.883123,0.000000,0.000000,0.000000,0.000000,-1.342245,-2.989551
59.0000,-242.684936,127.043148,-0.260818,1.270431,-74.242118,-0.079285,-152.037664,-0.429692,0.000000,0.000000,0.000000,0.000000,-0.350407,3.595500
59.0250,118.682396,-155.720639,-0.294669,-1.557206,323.815654,0.411565,-150.743602,-0.948766,0.000000,0.000000,0.000000,0.000000,-1.360331,3.384334
59.0500,-675.929841,-66.491976,-0.581519,-0.664920,-583.750694,-0.717250,-32.474584,-0.340711,0.000000,0.000000,0.000000,0.000000,0.376540,-6.676106
59.0750,-196.180136,31.133714,-0.786600,0.311337,265.105976,0.469586,-461.286112,-2.161171,0.000000,0.000000,0.000000,0.000000,-2.630757,-2.344908
59.1000,27.479146,138.611631,-0.338989,1.386116,-312.025553,-1.296557,339.504699,0.510175,0.000000,0.000000,0.000000,0.000000,1.806731,-1.027736
59.1250,-404.273993,-108.731573,0.064857,-1.087316,-643.979773,-0.823333,281.658273,1.153277,0.000000,0.000000,0.000000,0.000000,1.976611,0.913512
59.1500,661.200657,-111.287204,0.938062,-1.112872,384.240605,0.484183,382.311244,1.784554,0.000000,0.000000,0.000000,0.000000,1.300371,1.310619
59.1750,598.564748,66.796014,0.886188,0.667960,352.596306,0.515739,214.705349,1.261560,0.000000,0.000000,0.000000,0.000000,0.745821,0.380942
59.2000,339.058986,9.915705,0.798413,0.099157,-515.095147,-1.989764,-4.857299,-0.080051,133.903522,3.372230,0.000000,0.000000,1.909714,-6.852269
59.2250,-272.258275,151.495454,-0.362662,1.514955,-181.920529,-0.269613,-90.337746,-0.464480,0.000000,0.000000,0.000000,0.000000,-0.194867,4.957126
59.2500,94.920101,251.040775,0.292108,2.510408,-77.660164,-0.054765,174.046176,0.695490,0.000000,0.000000,0.000000,0.000000,0.750255,4.097078
59.2750,368.378777,126.861383,-0.026058,1.268614,545.734971,0.832910,-143.623189,-0.912661,0.000000,0.000000,0.000000,0.000000,-1.745570,-1.605531
59.3000,-459.241385,100.737853,0.269729,1.007379,-848.049110,-0.933220,379.407038,1.591691,0.000000,0.000000,0.000000,0.000000,2.524911,3.086719
59.3250,-77.881866,-87.240686,0.473215,-0.872407,-364.606684,-0.422750,286.724819,1.424600,0.000000,0.000000,0.000000,0.000000,1.847350,-0.764670
59.3500,232.982297,-69.317244,0.428514,-0.693172,-96.428956,-0.159466,329.411253,1.065492,0.000000,0.000000,0.000000,0.000000,1.224958,2.678318
59.3750,-599.491124,-38.676532,0.087581,-0.386765,-959.946637,-1.283890,360.455513,1.603417,0.000000,0.000000,0.000000,0.000000,2.887307,2.288984
59.4000,-433.095258,-121.398630,-0.279801,-1.213986,-384.845812,-0.449135,-113.177028,-0.267706,0.000000,0.000000,0.000000,0.000000,0.181430,-1.068857
59.4250,396.147812,28.298550,0.474182,0.282985,340.052269,0.545728,56.095543,0.398968,0.000000,0.000000,0.000000,0.000000,-0.146760,-1.788483
59.4500,-589.020465,94.380216,-0.833745,0.943802,-273.673445,-0.194951,-382.093159,-1.712635,0.000000,0.000000,0.000000,0.000000,-1.517683,3.271308
59.4750,-94.329015,-195.100443,-0.481320,-1.951004,73.310997,-0.135186,-226.453615,-1.016215,0.000000,0.000000,0.000000,0.000000,-0.881030,-3.332656
59.5000,-291.749959,-143.022377,-0.025465,-1.430224,-516.739774,-0.646069,158.746632,0.538904,0.000000,0.000000,0.000000,0.000000,1.184973,-2.062987
59.5250,232.254412,-11.515041,0.669409,-0.115150,-226.924476,-0.755750,133.152360,2.129746,205.245424,2.978535,0.000000,0.000000,2.885496,5.726571
59.5500,-85.730381,-87.891812,-0.602112,-0.878918,339.955644,0.993841,-251.603979,-3.896272,-30.547322,-0.476522,0.000000,0.000000,-4.890113,1.090561
59.5750,-687.381351,234.870482,0.021877,2.348705,-977.768163,-1.165538,236.512647,1.197642,0.000000,0.000000,0.000000,0.000000,2.363180,-1.104728
59.6000,449.504212,221.375060,-0.188723,2.213751,682.167908,0.862386,-232.663696,-1.338889,0.000000,0.000000,0.000000,0.000000,-2.201275,-7.016361
59.6250,151.060940,218.776317,-0.136404,2.187763,296.496012,0.444806,-97.135485,-0.667729,0.000000,0.000000,0.000000,0.000000,-1.112536,-4.841230
59.6500,331.631508,-121.565106,0.946455,-1.215651,235.020544,1.015120,93.982264,2.375157,112.075445,2.532976,0.000000,0.000000,1.360037,-12.064173
59.6750,529.163907,56.931415,0.911933,0.569314,177.798073,0.148289,426.815392,1.924067,0.000000,0.000000,0.000000,0.000000,1.775778,-0.408878
59.7000,494.966488,68.868477,0.697862,0.688685,178.400592,0.270524,316.565896,1.165473,0.000000,0.000000,0.000000,0.000000,0.894950,-4.808117
59.7250,-88.044944,9.912209,0.447366,0.099122,-295.208169,-0.109200,261.380090,1.189642,0.000000,0.000000,0.000000,0.000000,1.298842,3.472927
59.7500,-381.549125,85.862989,-0.491174,0.858630,-195.842469,-0.219522,-185.706656,-0.773914,0.000000,0.000000,0.000000,0.000000,-0.554392,1.324801
59.7750,-271.100475,84.985827,-0.297202,0.849858,-259.157080,-0.376249,-21.569583,-0.246411,0.000000,0.000000,0.000000,0.000000,0.129838,-0.653834
59.8000,-200.966326,-99.861356,0.220407,-0.998614,-437.227859,-0.528776,240.407967,1.033893,0.000000,0.000000,0.000000,0.000000,1.562669,-4.525762
59.8250,-534.924669,-111.616933,-0.515933,-1.116169,-254.366174,-0.318453,-172.084625,-0.516869,0.000000,0.000000,0.000000,0.000000,-0.198416,-1.785551
59.8500,331.599010,182.006847,-0.004800,1.820068,396.003691,0.558819,-93.299272,-0.663769,0.000000,0.000000,0.000000,0.000000,-1.222588,-0.661417
59.8750,72.788757,-93.037241,0.252875,-0.930372,-15.200416,-0.007989,110.131620,0.593704,0.000000,0.000000,0.000000,0.000000,0.601693,3.013429
59.9000,-795.845196,-106.713550,-0.752893,-1.067136,-724.527770,-0.873709,-88.853441,-0.691377,0.000000,0.000000,0.000000,0.000000,0.182332,-2.738841
59.9250,-746.796453,-33.628290,-0.371227,-0.336283,-822.739705,-0.877826,133.726143,0.281199,0.000000,0.000000,0.000000,0.000000,1.159025,-0.140895
59.9500,227.889483,123.522134,-0.146599,1.235221,151.196905,0.440365,4.570015,0.061813,-345.712170,-4.677030,0.000000,0.000000,-0.378552,-0.851740
59.9750,-383.983814,-80.062237,-0.639614,-0.800622,-143.314621,-0.158895,-176.742180,-1.069256,0.000000,0.000000,0.000000,0.000000,-0.910362,1.969296
60.0000,502.559825,-123.410342,0.674258,-1.234103,259.371943,0.239091,262.095499,1.235679,0.000000,0.000000,0.000000,0.000000,0.996588,-2.686495
60.0250,442.802459,26.528712,0.957530,0.265287,99.338456,0.222032,343.464003,1.762342,0.000000,0.000000,0.000000,0.000000,1.540310,-4.608966
60.0500,418.840448,18.162190,1.052872,0.181622,-196.725866,-0.297630,615.566314,2.501339,0.000000,0.000000,0.000000,0.000000,2.798969,-3.133101
60.0750,-294.881932,227.479968,0.022434,2.274800,-190.474874,-0.196867,-104.407057,0.255300,0.000000,0.000000,0.000000,0.000000,0.452167,4.254538
60.1000,-52.149914,265.382320,0.132999,2.653823,-243.723890,-0.399610,191.573976,0.709991,0.000000,0.000000,0.000000,0.000000,1.109602,2.258107
60.1250,280.152086,149.963174,0.188901,1.499632,321.079104,0.467225,-40.927018,-0.109612,0.000000,0.000000,0.000000,0.000000,-0.576838,-1.673534
60.1500,-55.521872,84.865805,-0.098253,0.848658,62.237474,0.123970,-117.759346,-0.336597,0.000000,0.000000,0.000000,0.000000,-0.460567,2.699146
60.1750,136.767751,-92.781012,0.467291,-0.927810,13.676326,0.135173,194.691232,0.993777,0.000000,0.000000,0.000000,0.000000,0.858603,-5.968665
