time,L_total,omega_total,L_cluster0,omega_cluster0,L_cluster1,omega_cluster1,L_cluster2,omega_cluster2,L_cluster3,omega_cluster3,L_cluster4,omega_cluster4,L_cluster5,omega_cluster5
38.3500,558.288857,1.395722,186.046619,1.755157,112.737966,1.199340,35.961191,0.386679,153.691930,1.688922,0.000000,0.000000,0.000000,0.000000
38.3750,448.907984,1.122270,184.058125,1.736397,134.344145,1.414149,-16.081433,-0.172919,176.951194,1.944519,0.000000,0.000000,0.000000,0.000000
38.4000,265.906181,0.664765,39.031172,0.371725,-38.445563,-0.404690,238.168674,2.560953,-6.280710,-0.069019,0.000000,0.000000,0.000000,0.000000
38.4250,-103.632488,-0.259081,22.377709,0.211110,-54.696516,-0.601061,57.332569,0.616479,-131.382424,-1.443763,0.000000,0.000000,0.000000,0.000000
38.4500,-45.918653,-0.114797,-5.215985,-0.049676,-147.346752,-1.601595,143.999511,1.548382,-35.531767,-0.390459,0.000000,0.000000,0.000000,0.000000
38.4750,9.877671,0.024694,-188.532694,-1.778610,48.199468,0.507363,98.359309,1.057627,-0.784478,-0.008621,0.000000,0.000000,0.000000,0.000000
38.5000,-151.673240,-0.379183,-20.047923,-0.189131,-103.557176,-1.101672,10.475470,0.112639,8.834833,0.098165,0.000000,0.000000,0.000000,0.000000
38.5250,195.690903,0.489227,148.820000,1.390841,-34.871847,-0.363248,-21.123956,-0.227139,157.854690,1.734667,0.000000,0.000000,0.000000,0.000000
38.5500,198.201478,0.495504,-217.687247,-2.073212,127.215299,1.353354,262.771216,2.825497,35.588869,0.391086,0.000000,0.000000,0.000000,0.000000
38.5750,-473.672090,-1.184180,-459.254096,-4.373849,121.805387,1.282162,-37.377044,-0.401904,-76.099234,-0.836255,0.000000,0.000000,0.000000,0.000000
38.6000,-438.398446,-1.095996,-156.378486,-1.489319,38.681242,0.407171,-76.663884,-0.833303,-229.765388,-2.524894,0.000000,0.000000,0.000000,0.000000
38.6250,107.654414,0.269136,-47.412039,-0.451543,-77.655021,-0.844076,430.840279,4.632691,-107.047634,-1.189418,0.000000,0.000000,0.000000,0.000000
38.6500,-231.477608,-0.578694,-104.001077,-0.990486,204.190369,2.126983,-71.499340,-0.768810,-305.952560,-3.399473,0.000000,0.000000,0.000000,0.000000
38.6750,104.078450,0.260196,185.435529,1.733042,79.067482,0.832289,-24.179348,-0.262819,-91.448211,-1.004925,0.000000,0.000000,0.000000,0.000000
38.7000,394.502169,0.986255,86.324131,0.806768,-120.157771,-1.251643,335.132349,3.642743,156.679225,1.721750,0.000000,0.000000,0.000000,0.000000
38.7250,263.789350,0.659473,225.193901,2.104616,-354.036006,-3.687875,93.082713,1.011769,277.962187,3.021328,0.000000,0.000000,0.000000,0.000000
38.7500,4.320153,0.010800,71.299897,0.672641,190.326288,1.962127,-136.369151,-1.466335,-93.737035,-1.018881,0.000000,0.000000,0.000000,0.000000
38.7750,-2.583279,-0.006458,155.198713,1.450455,-103.942789,-1.071575,-106.871948,-1.161652,61.318791,0.673833,0.000000,0.000000,0.000000,0.000000
38.8000,133.772623,0.334432,-66.551911,-0.621980,-236.727878,-2.465915,-15.017484,-0.163234,368.898728,4.053832,0.000000,0.000000,0.000000,0.000000
38.8250,-76.525387,-0.191313,87.542994,0.818159,-1.749659,-0.018226,-74.918498,-0.814332,-10.836364,-0.117787,0.000000,0.000000,0.000000,0.000000
38.8500,260.278595,0.650696,-129.966558,-1.214641,-49.867249,-0.514095,127.803348,1.389167,226.298132,2.459762,0.000000,0.000000,0.000000,0.000000
38.8750,505.614993,1.264037,-7.307895,-0.068298,43.708847,0.450607,87.791993,0.954261,332.547784,3.614650,0.000000,0.000000,0.000000,0.000000
38.9000,129.242981,0.323107,76.897454,0.725448,108.284578,1.116336,-0.291414,-0.003202,-2.517512,-0.027364,0.000000,0.000000,0.000000,0.000000
38.9250,2.646111,0.006615,-230.433720,-2.173903,222.802944,2.296938,-23.256342,-0.252786,-94.527856,-1.038768,0.000000,0.000000,0.000000,0.000000
38.9500,162.521896,0.406305,-186.978261,-1.763946,-21.761385,-0.222055,195.544780,2.125487,195.347680,2.123344,0.000000,0.000000,0.000000,0.000000
38.9750,-260.944315,-0.652361,35.541558,0.332164,-13.806306,-0.142333,-91.527842,-0.994868,-171.514950,-1.884780,0.000000,0.000000,0.000000,0.000000
39.0000,-168.089557,-0.420224,61.586930,0.581009,-5.715560,-0.062126,-175.184075,-1.806021,-9.439427,-0.103730,0.000000,0.000000,0.000000,0.000000
39.0250,-185.779243,-0.464448,110.699151,1.034572,-116.422149,-1.200228,-115.946071,-1.260283,-128.777202,-1.415134,0.000000,0.000000,0.000000,0.000000
39.0500,-102.772390,-0.256931,-76.011899,-0.710392,47.972744,0.521443,-75.837947,-0.781835,-53.375856,-0.586548,0.000000,0.000000,0.000000,0.000000
39.0750,53.343400,0.133358,-35.537353,-0.335258,-54.523855,-0.592651,263.204307,2.713446,-34.458760,-0.374552,0.000000,0.000000,0.000000,0.000000
39.1000,-145.550154,-0.363875,259.474150,2.424992,95.211582,1.034908,-340.933185,-3.551387,-141.443019,-1.537424,0.000000,0.000000,0.000000,0.000000
39.1250,-62.212939,-0.155532,-157.699156,-1.642700,47.564606,0.440413,-7.595731,-0.082562,23.014889,0.250162,0.000000,0.000000,0.000000,0.000000
39.1500,157.232714,0.393082,-108.986567,-1.009135,139.192159,1.512958,135.026209,1.406523,22.920251,0.249133,0.000000,0.000000,0.000000,0.000000
39.1750,291.016775,0.727542,-278.231649,-2.928754,193.456539,1.808005,306.070573,3.326854,14.872716,0.161660,0.000000,0.000000,0.000000,0.000000
39.2000,631.755907,1.579390,-11.186481,-0.103579,386.001532,4.195669,212.626644,2.192027,82.356864,0.895183,0.000000,0.000000,0.000000,0.000000
39.2250,416.204782,1.040512,-26.945327,-0.249494,168.605306,1.832666,177.368291,1.791599,51.227501,0.562940,0.000000,0.000000,0.000000,0.000000
39.2500,145.468628,0.363672,-95.711237,-0.886215,-36.794695,-0.399942,83.352904,0.915966,153.282126,1.596689,0.000000,0.000000,0.000000,0.000000
39.2750,-0.045223,-0.000113,-94.735642,-0.877182,138.484175,1.505263,-81.297592,-0.893380,62.001294,0.645847,0.000000,0.000000,0.000000,0.000000
39.3000,-15.479612,-0.038699,420.208487,3.820077,-266.261211,-2.894144,-110.958963,-1.132234,-42.116713,-0.457790,0.000000,0.000000,0.000000,0.000000
39.3250,27.283538,0.068209,-135.076286,-1.227966,9.304890,0.101140,154.175614,1.573221,-35.899739,-0.390215,0.000000,0.000000,0.000000,0.000000
39.3500,-171.092256,-0.427731,67.170328,0.610639,143.061154,1.555013,-239.933064,-2.499303,-125.241941,-1.361325,0.000000,0.000000,0.000000,0.000000
39.3750,329.221291,0.823053,152.590044,1.387182,-47.470194,-0.515980,171.448895,1.863575,16.462648,0.169718,0.000000,0.000000,0.000000,0.000000
39.4000,228.589071,0.571473,-84.213589,-0.765578,-26.202593,-0.281748,282.645549,3.072234,67.370606,0.694542,0.000000,0.000000,0.000000,0.000000
39.4250,-488.633384,-1.221583,-70.098696,-0.637261,-211.537399,-2.299320,-123.963192,-1.347426,-98.862710,-1.019203,0.000000,0.000000,0.000000,0.000000
39.4500,-354.515091,-0.886288,-115.751991,-1.052291,19.968518,0.217049,-61.143767,-0.664606,-206.746990,-2.153614,0.000000,0.000000,0.000000,0.000000
39.4750,90.713313,0.226783,64.565055,0.701794,10.035742,0.090412,84.374913,0.917119,-46.856606,-0.488090,0.000000,0.000000,0.000000,0.000000
39.5000,-252.844942,-0.632112,-72.366077,-0.786588,241.263851,2.173548,-366.136695,-3.774605,-120.842417,-1.313505,0.000000,0.000000,0.000000,0.000000
39.5250,-11.593982,-0.028985,49.473205,0.537752,-188.795410,-1.700860,29.446685,0.320073,82.833504,0.853954,0.000000,0.000000,0.000000,0.000000
39.5500,257.156590,0.642891,4.833029,0.052533,2.068391,0.022483,345.042132,3.108488,-102.479062,-1.056485,0.000000,0.000000,0.000000,0.000000
39.5750,299.284379,0.748211,-55.030492,-0.500277,24.615177,0.267556,239.564975,2.603967,29.751937,0.303591,0.000000,0.000000,0.000000,0.000000
39.6000,-114.322467,-0.285806,23.345976,0.251032,-97.542684,-1.060247,50.048833,0.459164,-126.284439,-1.288617,0.000000,0.000000,0.000000,0.000000
39.6250,-63.541541,-0.158854,42.116839,0.452869,106.160159,1.153915,-63.501848,-0.582586,-111.057871,-1.133244,0.000000,0.000000,0.000000,0.000000
39.6500,196.862455,0.492156,181.403804,1.950579,-36.769273,-0.399666,-3.597394,-0.033004,-100.052861,-1.020948,0.000000,0.000000,0.000000,0.000000
39.6750,19.702970,0.049257,-79.508894,-0.854934,77.858051,0.846283,-30.170710,-0.274279,75.693200,0.764578,0.000000,0.000000,0.000000,0.000000
39.7000,178.376696,0.445942,58.732283,0.638394,346.039497,3.761299,-73.314079,-0.666492,-113.603440,-1.159219,0.000000,0.000000,0.000000,0.000000
39.7250,446.987802,1.117470,275.797474,2.997799,60.326167,0.655719,380.362931,3.426693,-215.881088,-2.180617,0.000000,0.000000,0.000000,0.000000
39.7500,119.750668,0.299377,224.543886,2.440694,-143.150418,-1.555983,-20.881607,-0.188123,82.480533,0.841638,0.000000,0.000000,0.000000,0.000000
39.7750,134.851960,0.337130,30.221007,0.328489,-44.444295,-0.483090,83.956470,0.770243,58.104572,0.592904,0.000000,0.000000,0.000000,0.000000
39.8000,36.578002,0.091445,-86.994645,-0.945594,25.852028,0.281000,48.440938,0.440372,66.739739,0.681018,0.000000,0.000000,0.000000,0.000000
39.8250,-293.718636,-0.734297,69.655501,0.757125,-116.001278,-1.260883,-143.507150,-1.304610,-106.336059,-1.085062,0.000000,0.000000,0.000000,0.000000
39.8500,-113.922278,-0.284806,-148.955352,-1.619080,-97.724115,-1.062219,157.046368,1.427694,38.763600,0.391552,0.000000,0.000000,0.000000,0.000000
39.8750,-301.995288,-0.754988,-140.802071,-1.530457,-50.041896,-0.543934,108.844178,0.989493,-188.404085,-1.922491,0.000000,0.000000,0.000000,0.000000
39.9000,-22.404242,-0.056011,-132.751192,-1.442948,-40.653628,-0.441887,281.360981,2.557827,-133.492956,-1.376216,0.000000,0.000000,0.000000,0.000000
39.9250,67.254061,0.168135,77.455656,0.841909,-89.449965,-0.972282,-43.965097,-0.410889,88.275415,0.910056,0.000000,0.000000,0.000000,0.000000
39.9500,-251.445027,-0.628613,-191.266386,-2.078982,-22.718206,-0.246937,76.753769,0.710683,-88.621093,-0.913620,0.000000,0.000000,0.000000,0.000000
39.9750,-243.277902,-0.608195,-150.442230,-1.635242,-108.887440,-1.183559,30.026116,0.280618,-36.809937,-0.383437,0.000000,0.000000,0.000000,0.000000
40.0000,183.123215,0.457808,193.720107,2.105653,17.327433,0.188342,-42.309246,-0.395414,53.086803,0.552988,0.000000,0.000000,0.000000,0.000000
40.0250,84.109385,0.210273,148.482011,1.613935,-67.579758,-0.734563,221.167465,2.047847,-179.565731,-1.870476,0.000000,0.000000,0.000000,0.000000
40.0500,504.868181,1.262170,291.883729,3.138535,326.052659,3.582996,34.451490,0.325014,-51.221551,-0.539174,0.000000,0.000000,0.000000,0.000000
40.0750,449.234938,1.123087,121.291051,1.304205,-189.237557,-2.079534,170.845574,1.553142,311.739003,3.281463,0.000000,0.000000,0.000000,0.000000
40.1000,331.602691,0.829007,-72.852710,-0.783362,116.779970,1.283296,238.339754,2.206850,69.569984,0.732316,0.000000,0.000000,0.000000,0.000000
40.1250,-214.412354,-0.536031,-198.302561,-2.132286,21.049794,0.231316,-69.698074,-0.633619,37.133382,0.399284,0.000000,0.000000,0.000000,0.000000
40.1500,27.811927,0.069530,227.335225,2.444465,-91.021038,-0.989359,-284.988365,-2.590803,179.965452,1.935112,0.000000,0.000000,0.000000,0.000000
40.1750,144.775166,0.361938,-124.877139,-1.342765,-150.998590,-1.641289,395.478093,3.766458,-45.014714,-0.489290,0.000000,0.000000,0.000000,0.000000
40.2000,-138.686704,-0.346717,16.964607,0.182415,105.730236,1.149242,-126.503036,-1.193425,-71.544302,-0.777655,0.000000,0.000000,0.000000,0.000000
40.2250,220.279148,0.550698,26.580492,0.285812,61.921163,0.673056,169.442049,1.613734,32.356769,0.351704,0.000000,0.000000,0.000000,0.000000
40.2500,355.508108,0.888770,64.782099,0.704153,183.892460,1.977338,-51.321402,-0.488775,106.369382,1.143757,0.000000,0.000000,0.000000,0.000000
40.2750,-312.151181,-0.780378,47.192477,0.507446,-150.064184,-1.649057,-125.396130,-1.182982,-156.998605,-1.670198,0.000000,0.000000,0.000000,0.000000
40.3000,-159.533724,-0.398834,49.028741,0.527191,-20.536138,-0.223219,-51.856646,-0.493873,-71.622120,-0.746064,0.000000,0.000000,0.000000,0.000000
40.3250,120.833887,0.302085,-249.311578,-2.680770,192.466791,2.092030,116.373161,1.108316,103.160819,1.121313,0.000000,0.000000,0.000000,0.000000
40.3500,-347.855975,-0.869640,-338.952178,-3.644647,-340.356856,-3.699531,77.261872,0.735827,275.240371,2.959574,0.000000,0.000000,0.000000,0.000000
40.3750,48.475174,0.121188,78.593569,0.845092,-114.236608,-1.241702,-127.463409,-1.202485,211.064315,2.245365,0.000000,0.000000,0.000000,0.000000
40.4000,58.095022,0.145238,108.467556,1.166318,-48.087263,-0.522688,72.811012,0.686896,-15.979592,-0.168206,0.000000,0.000000,0.000000,0.000000
40.4250,232.817425,0.582044,-7.959455,-0.085586,182.624872,1.985053,-173.794168,-1.655183,216.883195,2.307268,0.000000,0.000000,0.000000,0.000000
40.4500,-158.760664,-0.396902,-310.558823,-3.339342,57.819710,0.628475,99.539749,0.947998,4.020465,0.042771,0.000000,0.000000,0.000000,0.000000
40.4750,-213.710894,-0.534277,10.837724,0.117801,11.953202,0.128529,-93.687527,-0.900842,-84.898215,-0.903172,0.000000,0.000000,0.000000,0.000000
40.5000,158.847433,0.397119,189.596235,2.060829,-101.202261,-1.100025,28.270885,0.271835,-47.926439,-0.509856,0.000000,0.000000,0.000000,0.000000
40.5250,79.003008,0.197508,126.087442,1.370516,-106.029249,-1.152492,129.303026,1.243298,-134.683439,-1.432803,0.000000,0.000000,0.000000,0.000000
40.5500,202.399205,0.505998,150.779765,1.638910,-15.435547,-0.148419,141.690513,1.540114,-102.072325,-1.097552,0.000000,0.000000,0.000000,0.000000
40.5750,532.654202,1.331636,-104.437289,-1.135188,132.817936,1.443673,137.200727,1.306674,350.334822,3.807987,0.000000,0.000000,0.000000,0.000000
40.6000,186.037307,0.465093,52.329771,0.568802,90.554010,0.984283,88.419330,0.834145,-16.885547,-0.179633,0.000000,0.000000,0.000000,0.000000
40.6250,128.568869,0.321422,122.780163,1.334567,-289.088462,-3.108478,250.761734,2.411171,36.663398,0.394230,0.000000,0.000000,0.000000,0.000000
40.6500,-80.864665,-0.202162,-230.884753,-2.509617,-28.191226,-0.306426,52.022070,0.490774,94.260862,1.013558,0.000000,0.000000,0.000000,0.000000
40.6750,-226.067350,-0.565168,-63.596377,-0.691265,-12.215756,-0.132780,134.977909,1.285504,-257.113090,-2.794707,0.000000,0.000000,0.000000,0.000000
40.7000,-135.499372,-0.338748,127.497125,1.385838,102.218935,1.111075,-12.114883,-0.115380,-252.213069,-2.741446,0.000000,0.000000,0.000000,0.000000
40.7250,-322.208965,-0.805522,-205.324592,-2.231789,-38.387510,-0.417256,-3.686826,-0.034781,-69.321504,-0.737463,0.000000,0.000000,0.000000,0.000000
40.7500,-75.627150,-0.189068,-99.937473,-1.086277,-111.380552,-1.210658,41.597205,0.388759,84.510149,0.889581,0.000000,0.000000,0.000000,0.000000
40.7750,37.033331,0.092583,185.611386,2.017515,-118.797199,-1.120728,-15.307411,-0.164596,-32.773604,-0.341392,0.000000,0.000000,0.000000,0.000000
40.8000,-280.658105,-0.701645,142.576182,1.345058,-127.236273,-1.383003,-192.851624,-2.073673,-91.037673,-0.958291,0.000000,0.000000,0.000000,0.000000
40.8250,-242.092921,-0.605232,-281.768507,-3.062701,-43.652922,-0.411820,114.919511,1.235694,36.838429,0.391898,0.000000,0.000000,0.000000,0.000000
40.8500,19.934874,0.049837,282.067519,3.065951,-160.144510,-1.740701,-101.861657,-0.960959,-60.324024,-0.628375,0.000000,0.000000,0.000000,0.000000
40.8750,-15.621468,-0.039054,30.297394,0.329319,-78.453891,-0.747180,-0.785910,-0.008451,-28.628692,-0.301355,0.000000,0.000000,0.000000,0.000000
40.9000,508.914776,1.272287,313.594268,3.371981,275.816244,2.602040,-24.459522,-0.265864,6.911164,0.072749,0.000000,0.000000,0.000000,0.000000
40.9250,490.899800,1.227249,91.016449,0.858646,130.914235,1.407680,-5.943098,-0.064599,307.311405,3.201160,0.000000,0.000000,0.000000,0.000000
40.9500,291.002089,0.727505,-28.470984,-0.306140,92.513436,1.005581,49.353259,0.465597,147.301111,1.503073,0.000000,0.000000,0.000000,0.000000
40.9750,-264.923075,-0.662308,-281.423214,-3.058948,-25.777754,-0.243186,101.671212,1.093239,-90.938827,-0.927947,0.000000,0.000000,0.000000,0.000000
41.0000,57.633719,0.144084,-116.292479,-1.264049,86.306157,0.928023,-50.252240,-0.469647,147.837046,1.539969,0.000000,0.000000,0.000000,0.000000
41.0250,152.558127,0.381395,11.982452,0.111986,180.516024,1.962131,78.378769,0.842782,-64.536419,-0.679331,0.000000,0.000000,0.000000,0.000000
41.0500,-52.123885,-0.130310,-59.713261,-0.649057,48.029146,0.522056,-48.093415,-0.445309,-20.268680,-0.208955,0.000000,0.000000,0.000000,0.000000
41.0750,96.387015,0.240968,-171.774940,-1.867119,58.814164,0.639284,144.704397,1.339856,111.027422,1.144613,0.000000,0.000000,0.000000,0.000000
41.1000,271.689516,0.679224,-121.961304,-1.311412,120.682681,1.117432,-16.427016,-0.178555,222.194042,2.363766,0.000000,0.000000,0.000000,0.000000
41.1250,-133.934296,-0.334836,90.391830,0.982520,-111.852107,-1.035668,125.903334,1.368514,-108.068372,-1.137562,0.000000,0.000000,0.000000,0.000000
41.1500,-81.880014,-0.204700,173.953911,1.890803,-125.734907,-1.366684,53.778333,0.502601,-160.745130,-1.674428,0.000000,0.000000,0.000000,0.000000
41.1750,214.230327,0.535576,-36.799180,-0.399991,-0.483563,-0.004519,11.425459,0.124190,253.800922,2.643760,0.000000,0.000000,0.000000,0.000000
41.2000,-366.586380,-0.916466,-575.114566,-6.251245,-77.656165,-0.732605,290.414179,3.122733,50.408910,0.525093,0.000000,0.000000,0.000000,0.000000
41.2250,-131.274842,-0.328187,31.165714,0.294016,140.460517,1.510328,-216.715818,-2.355607,-89.232140,-0.929501,0.000000,0.000000,0.000000,0.000000
41.2500,39.968045,0.099920,119.779903,1.140761,-14.748658,-0.160311,-107.726080,-1.158345,42.271912,0.440332,0.000000,0.000000,0.000000,0.000000
41.2750,270.528623,0.676322,216.009481,2.037825,94.324782,1.014245,-216.801961,-2.356543,216.158021,2.251646,0.000000,0.000000,0.000000,0.000000
41.3000,-261.575929,-0.653940,-106.013457,-1.000127,143.276272,1.557351,-243.687219,-2.620293,-17.393957,-0.177489,0.000000,0.000000,0.000000,0.000000
41.3250,-190.986177,-0.477465,148.913451,1.391714,-85.280025,-0.870204,-189.697225,-2.039755,16.290183,0.175163,0.000000,0.000000,0.000000,0.000000
41.3500,118.896066,0.297240,75.580347,0.699818,-236.167852,-2.567042,93.694433,1.007467,165.415080,1.687909,0.000000,0.000000,0.000000,0.000000
41.3750,87.995804,0.219990,154.006931,1.425990,90.086582,0.979202,138.765649,1.492104,-316.185780,-3.226386,0.000000,0.000000,0.000000,0.000000
41.4000,382.133850,0.955335,-57.680932,-0.529183,75.208958,0.817489,276.923351,2.977670,25.934405,0.264637,0.000000,0.000000,0.000000,0.000000
41.4250,507.144731,1.267862,206.771451,1.914550,142.248071,1.529549,253.955720,2.730707,-57.038703,-0.588028,0.000000,0.000000,0.000000,0.000000
41.4500,320.756004,0.801890,61.278382,0.572695,-48.915954,-0.531695,123.009813,1.337063,195.827206,2.061339,0.000000,0.000000,0.000000,0.000000
41.4750,207.703559,0.519259,190.143436,1.744435,209.101560,2.272843,-256.930630,-2.648769,66.811252,0.726209,0.000000,0.000000,0.000000,0.000000
41.5000,-171.108615,-0.427772,-243.014220,-2.229488,-4.816039,-0.051785,-19.988662,-0.217268,19.472882,0.198703,0.000000,0.000000,0.000000,0.000000
41.5250,-101.126524,-0.252816,217.708703,2.015821,-185.776536,-2.019310,-22.838979,-0.248250,-106.612774,-1.087885,0.000000,0.000000,0.000000,0.000000
41.5500,-63.429430,-0.158574,184.911228,1.696433,-135.693937,-1.474934,-65.260839,-0.701729,-84.809070,-0.874320,0.000000,0.000000,0.000000,0.000000
41.5750,-346.782022,-0.866955,60.925738,0.558952,-245.212426,-2.636693,-261.020546,-2.806673,66.046348,0.673942,0.000000,0.000000,0.000000,0.000000
41.6000,92.585837,0.231465,-61.165208,-0.566345,270.142802,2.904761,53.793254,0.548911,-202.428249,-2.176648,0.000000,0.000000,0.000000,0.000000
41.6250,143.569338,0.358923,108.178060,1.001649,264.083133,2.870469,-22.688762,-0.229179,-183.635621,-1.996039,0.000000,0.000000,0.000000,0.000000
41.6500,-323.506649,-0.808767,-343.731168,-3.153497,207.757852,2.233955,-10.621979,-0.115456,-205.452508,-2.075278,0.000000,0.000000,0.000000,0.000000
41.6750,-347.573346,-0.868933,91.997463,0.844013,-352.145983,-3.593326,-108.395381,-1.178211,47.437578,0.510081,0.000000,0.000000,0.000000,0.000000
41.7000,36.873267,0.092183,26.008995,0.238615,114.499946,1.168367,-117.776422,-1.266413,30.625073,0.329302,0.000000,0.000000,0.000000,0.000000
41.7250,-177.839071,-0.444598,-116.200696,-1.075932,-152.866675,-1.643728,-13.815316,-0.148552,59.739848,0.609590,0.000000,0.000000,0.000000,0.000000
41.7500,464.610944,1.161527,58.312483,0.539930,169.347273,1.710579,46.261675,0.502844,191.492069,2.059055,0.000000,0.000000,0.000000,0.000000
41.7750,554.385312,1.385963,74.390386,0.682481,74.807352,0.813123,126.623580,1.279026,249.933284,2.687455,0.000000,0.000000,0.000000,0.000000
41.8000,439.518501,1.098796,-122.505228,-1.134308,297.839035,3.039174,280.811526,3.019479,39.909886,0.429139,0.000000,0.000000,0.000000,0.000000
41.8250,-112.750752,-0.281877,-231.990319,-2.168134,35.197604,0.359159,-7.280836,-0.079140,114.876816,1.235235,0.000000,0.000000,0.000000,0.000000
41.8500,59.493396,0.148733,-8.895737,-0.082368,-113.806143,-1.223722,104.160468,1.062862,125.869466,1.368146,0.000000,0.000000,0.000000,0.000000
41.8750,236.062936,0.590157,239.262517,2.195069,34.503066,0.355702,-96.478564,-1.037404,136.729469,1.470209,0.000000,0.000000,0.000000,0.000000
41.9000,25.316233,0.063291,-166.457109,-1.527129,26.485125,0.270256,8.996497,0.096737,133.821685,1.438943,0.000000,0.000000,0.000000,0.000000
41.9250,233.994762,0.584987,196.032658,1.782115,-94.782754,-0.967171,136.373513,1.482321,9.844653,0.105856,0.000000,0.000000,0.000000,0.000000
41.9500,196.199405,0.490499,-70.655101,-0.648212,86.794820,0.894792,-207.745021,-2.233817,366.432108,3.982958,0.000000,0.000000,0.000000,0.000000
41.9750,-203.825061,-0.509563,-49.034017,-0.454019,43.003084,0.443331,-4.203010,-0.045685,-122.572161,-1.332306,0.000000,0.000000,0.000000,0.000000
42.0000,-245.324614,-0.613312,-179.489760,-1.661942,168.641496,1.720832,127.839308,1.389558,-337.698490,-3.670636,0.000000,0.000000,0.000000,0.000000
42.0250,398.554499,0.996386,132.368776,1.225637,124.099387,1.266320,109.315639,1.188213,-29.580750,-0.321530,0.000000,0.000000,0.000000,0.000000
42.0500,-163.559017,-0.408898,-282.933451,-2.644238,-196.945916,-2.051520,89.939732,0.977606,175.280392,1.905222,0.000000,0.000000,0.000000,0.000000
42.0750,-140.034620,-0.350087,50.028266,0.463225,208.833419,2.130953,-153.508974,-1.668576,-204.869448,-2.226842,0.000000,0.000000,0.000000,0.000000
42.1000,-58.010605,-0.145027,63.243957,0.580220,-217.384060,-2.241073,65.337868,0.710194,52.421379,0.569798,0.000000,0.000000,0.000000,0.000000
42.1250,269.236069,0.673090,-10.580048,-0.098879,221.320076,2.281650,92.367551,1.003995,-104.825442,-1.127155,0.000000,0.000000,0.000000,0.000000
42.1500,-194.782133,-0.486955,50.678195,0.478096,-39.804450,-0.410355,-106.235949,-1.154739,-99.226309,-1.066950,0.000000,0.000000,0.000000,0.000000
42.1750,-236.298377,-0.590746,-45.232137,-0.422730,51.610607,0.526639,-173.413055,-1.884925,-84.837555,-0.922147,0.000000,0.000000,0.000000,0.000000
42.2000,31.841164,0.079603,138.005175,1.266103,-62.504602,-0.637802,-165.049220,-1.794013,117.281443,1.274798,0.000000,0.000000,0.000000,0.000000
42.2250,42.094307,0.105236,121.456320,1.124596,-91.370321,-0.941962,167.792058,1.823827,-55.565296,-0.603971,0.000000,0.000000,0.000000,0.000000
42.2500,364.457841,0.911145,50.926076,0.471538,-64.291149,-0.656032,281.246683,3.057029,90.629885,0.974515,0.000000,0.000000,0.000000,0.000000
42.2750,535.536541,1.338841,354.346639,3.280987,7.058713,0.072028,92.135046,1.001468,94.081741,1.022628,0.000000,0.000000,0.000000,0.000000
42.3000,286.859759,0.717149,-242.746481,-2.227032,393.794308,4.145203,13.703942,0.148956,120.533937,1.310151,0.000000,0.000000,0.000000,0.000000
42.3250,201.207506,0.503019,-242.430843,-2.224136,91.568824,0.944008,157.771082,1.714903,208.015714,2.261040,0.000000,0.000000,0.000000,0.000000
42.3500,-134.874814,-0.337187,-218.569715,-2.023794,-75.659293,-0.779993,87.983815,0.956346,150.454116,1.635371,0.000000,0.000000,0.000000,0.000000
42.3750,-148.444227,-0.371111,46.149082,0.427306,-285.278802,-2.941019,143.455125,1.559295,-62.583187,-0.680252,0.000000,0.000000,0.000000,0.000000
42.4000,48.650884,0.121627,-97.188183,-0.899891,338.058786,3.521446,-265.091849,-2.881433,64.108084,0.696827,0.000000,0.000000,0.000000,0.000000
42.4250,-305.243379,-0.763108,-301.918358,-2.821667,-158.035687,-1.663534,279.787062,3.041164,-17.845550,-0.193973,0.000000,0.000000,0.000000,0.000000
42.4500,183.400902,0.458502,-24.948649,-0.233165,14.154026,0.147438,18.811528,0.204473,115.899044,1.259772,0.000000,0.000000,0.000000,0.000000
42.4750,202.385328,0.505963,-117.251741,-1.116683,141.603433,1.490562,54.683529,0.594386,169.512600,1.842528,0.000000,0.000000,0.000000,0.000000
42.5000,-421.560930,-1.053902,-76.706695,-0.723648,-123.293838,-1.297830,19.747084,0.214642,-205.803105,-2.236990,0.000000,0.000000,0.000000,0.000000
42.5250,-431.162515,-1.077906,-33.443996,-0.321577,-97.483477,-1.037058,-64.407390,-0.700080,-134.302703,-1.459812,0.000000,0.000000,0.000000,0.000000
42.5500,140.664435,0.351661,296.138744,2.793762,300.409874,3.195850,-193.098092,-2.098892,-192.672226,-2.094263,0.000000,0.000000,0.000000,0.000000
42.5750,-345.176257,-0.862941,-438.281545,-4.174110,128.998235,1.343732,-234.411165,-2.547947,210.349741,2.311536,0.000000,0.000000,0.000000,0.000000
42.6000,148.486279,0.371216,290.833025,2.796471,-271.851689,-2.831788,213.995215,2.351596,74.332415,0.835196,0.000000,0.000000,0.000000,0.000000
42.6250,430.289949,1.075725,142.055479,1.352909,44.139211,0.455043,58.156409,0.646182,187.783169,2.041121,0.000000,0.000000,0.000000,0.000000
42.6500,280.251919,0.700630,108.749545,1.035710,-84.956105,-0.875836,217.237453,2.413749,52.553326,0.571232,0.000000,0.000000,0.000000,0.000000
42.6750,-153.562815,-0.383907,130.279354,1.240756,-225.140001,-2.345208,-130.426907,-1.417684,70.984908,0.771575,0.000000,0.000000,0.000000,0.000000
42.7000,0.935453,0.002339,113.426885,1.070065,-300.375820,-3.096658,-10.088620,-0.109659,178.764875,1.943096,0.000000,0.000000,0.000000,0.000000
42.7250,147.882422,0.369706,226.879675,2.140374,36.675902,0.374244,20.091169,0.218382,-141.676887,-1.539966,0.000000,0.000000,0.000000,0.000000
42.7500,-103.068285,-0.257671,-2.732467,-0.025537,-95.283914,-0.982308,44.283205,0.481339,-54.155584,-0.582318,0.000000,0.000000,0.000000,0.000000
42.7750,336.802410,0.842006,142.660462,1.333275,-63.611160,-0.676714,111.486989,1.211815,121.587188,1.321600,0.000000,0.000000,0.000000,0.000000
42.8000,332.458912,0.831147,154.001590,1.466682,-18.677159,-0.194554,260.280224,2.798712,-27.627424,-0.303598,0.000000,0.000000,0.000000,0.000000
42.8250,3.368302,0.008421,-22.591570,-0.215158,7.134290,0.074316,24.770205,0.269241,46.273228,0.497562,0.000000,0.000000,0.000000,0.000000
42.8500,-64.043998,-0.160110,143.160064,1.350567,-71.122881,-0.740863,-178.950760,-1.945117,13.522910,0.145408,0.000000,0.000000,0.000000,0.000000
42.8750,269.007983,0.672520,-97.043790,-0.915507,29.997372,0.312473,323.189141,3.475152,72.241685,0.793865,0.000000,0.000000,0.000000,0.000000
42.9000,-270.075696,-0.675189,187.383751,1.767771,90.201718,0.939601,-245.213218,-2.636701,-308.441675,-3.389469,0.000000,0.000000,0.000000,0.000000
42.9250,-118.082725,-0.295207,-88.875325,-0.838446,73.586496,0.758624,9.793821,0.105310,-63.531225,-0.690557,0.000000,0.000000,0.000000,0.000000
42.9500,-118.070453,-0.295176,-292.210895,-2.782961,106.222540,1.095078,243.235274,2.615433,-171.774251,-1.867111,0.000000,0.000000,0.000000,0.000000
42.9750,78.418790,0.196047,33.708459,0.318004,-90.616229,-0.953855,10.024453,0.107790,189.365133,2.080936,0.000000,0.000000,0.000000,0.000000
43.0000,-29.144395,-0.072861,223.591381,2.129442,-239.924811,-2.525524,-99.554528,-1.070479,168.092324,1.827090,0.000000,0.000000,0.000000,0.000000
43.0250,-130.305542,-0.325764,-259.135628,-2.444676,-65.865328,-0.679024,33.362537,0.358737,134.313266,1.492370,0.000000,0.000000,0.000000,0.000000
43.0500,7.305425,0.018264,-119.549222,-1.138564,163.599903,1.686597,34.280296,0.368605,-87.903006,-0.955467,0.000000,0.000000,0.000000,0.000000
43.0750,171.025698,0.427564,13.621180,0.129726,-13.122924,-0.135288,39.365635,0.432589,112.390233,1.208497,0.000000,0.000000,0.000000,0.000000
43.1000,290.601539,0.726504,111.994139,1.056548,-65.423708,-0.667589,63.749597,0.685480,124.563640,1.368831,0.000000,0.000000,0.000000,0.000000
43.1250,606.761110,1.516903,89.606109,0.853392,265.896787,2.769758,21.121539,0.227113,124.147032,1.379411,0.000000,0.000000,0.000000,0.000000
43.1500,409.368198,1.023420,81.953874,0.780513,1.208051,0.012584,159.669841,1.716880,164.061812,1.822909,0.000000,0.000000,0.000000,0.000000
43.1750,158.936428,0.397341,132.631839,1.263160,-64.431108,-0.678222,-300.167947,-3.227612,336.195476,3.735505,0.000000,0.000000,0.000000,0.000000
43.2000,-96.170809,-0.240427,145.424434,1.371929,-293.758994,-3.092200,-29.867177,-0.328211,68.962753,0.741535,0.000000,0.000000,0.000000,0.000000
43.2250,-48.551294,-0.121378,14.316491,0.136348,5.448388,0.056754,-59.417515,-0.638898,-32.414969,-0.360166,0.000000,0.000000,0.000000,0.000000
43.2500,-26.784435,-0.066961,-101.203482,-0.954750,-136.624053,-1.423167,126.855459,1.364037,175.999948,1.934065,0.000000,0.000000,0.000000,0.000000
43.2750,-173.892846,-0.434732,-30.425615,-0.287034,23.844803,0.250998,14.934702,0.160588,-71.128764,-0.790320,0.000000,0.000000,0.000000,0.000000
43.3000,267.095240,0.667738,39.317593,0.374453,-30.808104,-0.327746,200.155059,2.152205,33.632181,0.373691,0.000000,0.000000,0.000000,0.000000
43.3250,218.155873,0.545390,-168.667044,-1.606353,344.723909,3.628673,77.899690,0.837631,-60.860142,-0.676224,0.000000,0.000000,0.000000,0.000000
43.3500,-478.928126,-1.197320,93.086284,0.878172,-20.835881,-0.221658,-383.934432,-4.128327,-143.598095,-1.613462,0.000000,0.000000,0.000000,0.000000
43.3750,-478.468141,-1.196170,218.003824,2.056640,-268.532757,-2.797216,-275.107183,-2.958142,-124.386376,-1.352026,0.000000,0.000000,0.000000,0.000000
43.4000,177.225019,0.443063,369.660743,3.487365,-28.314986,-0.298052,-0.784623,-0.008437,-112.175108,-1.232693,0.000000,0.000000,0.000000,0.000000
43.4250,-241.692300,-0.604231,-23.747413,-0.228341,-218.301177,-2.322353,-171.172012,-1.840559,268.586804,2.984298,0.000000,0.000000,0.000000,0.000000
43.4500,29.864968,0.074662,-219.450475,-2.070288,-14.556047,-0.156517,70.704886,0.785610,251.224723,2.701341,0.000000,0.000000,0.000000,0.000000
43.4750,283.646649,0.709117,54.080205,0.587828,132.165232,1.246842,-11.966723,-0.131502,75.116999,0.790705,0.000000,0.000000,0.000000,0.000000
43.5000,248.391858,0.620980,135.356289,1.276946,-121.877011,-1.310505,-65.298572,-0.717567,321.479418,3.348744,0.000000,0.000000,0.000000,0.000000
43.5250,-89.714047,-0.224285,292.725080,3.147582,-209.137975,-1.973000,-231.749364,-2.439467,17.458223,0.191849,0.000000,0.000000,0.000000,0.000000
43.5500,-79.824784,-0.199562,87.200671,0.822648,-198.704709,-2.159834,60.512858,0.630342,28.430168,0.312419,0.000000,0.000000,0.000000,0.000000
43.5750,268.922474,0.672306,218.953684,2.046296,-124.895936,-1.342967,109.407438,1.139661,58.499361,0.642850,0.000000,0.000000,0.000000,0.000000
43.6000,-114.077456,-0.285194,-38.404040,-0.358916,61.978053,0.666431,-72.565624,-0.788757,-46.883812,-0.488373,0.000000,0.000000,0.000000,0.000000
43.6250,139.491416,0.348729,269.801081,2.498158,-117.484716,-1.223799,33.073221,0.355626,0.498057,0.005414,0.000000,0.000000,0.000000,0.000000
43.6500,494.416769,1.236042,-85.445287,-0.806088,132.831436,1.428295,312.642113,3.256689,136.372005,1.482304,0.000000,0.000000,0.000000,0.000000
43.6750,142.029317,0.355073,-34.109641,-0.321789,-152.732549,-1.642285,167.013201,1.815361,147.785419,1.539431,0.000000,0.000000,0.000000,0.000000
43.7000,17.274276,0.043186,-36.179727,-0.341318,254.707174,2.768556,-173.302804,-1.863471,44.348691,0.466828,0.000000,0.000000,0.000000,0.000000
43.7250,129.422502,0.323556,221.016197,2.104916,33.981898,0.365397,-228.322802,-2.509042,116.949446,1.218223,0.000000,0.000000,0.000000,0.000000
43.7500,-251.547316,-0.628868,-145.508214,-1.385793,-266.220833,-2.862590,139.166198,1.529299,-31.559267,-0.328742,0.000000,0.000000,0.000000,0.000000
43.7750,-54.134378,-0.135336,0.440028,0.004112,-17.070720,-0.187590,-44.412937,-0.477558,-60.128310,-0.626337,0.000000,0.000000,0.000000,0.000000
43.8000,-173.489837,-0.433725,-81.978749,-0.881492,104.890097,0.980281,-93.319580,-1.025490,-100.033810,-1.052987,0.000000,0.000000,0.000000,0.000000
43.8250,-87.570665,-0.218927,-106.607505,-1.146317,167.883767,1.583809,-12.681230,-0.139354,-87.606951,-0.912572,0.000000,0.000000,0.000000,0.000000
43.8500,-9.729430,-0.024324,-15.655970,-0.168344,-94.773190,-1.041464,23.724355,0.221723,87.000694,0.915797,0.000000,0.000000,0.000000,0.000000
43.8750,-171.842842,-0.429607,77.820192,0.836776,41.004280,0.450596,7.856325,0.074116,-264.922929,-2.759614,0.000000,0.000000,0.000000,0.000000
43.9000,-117.024254,-0.292561,-182.301282,-1.960229,275.908797,3.031965,53.107226,0.501012,-216.160615,-2.228460,0.000000,0.000000,0.000000,0.000000
43.9250,253.539706,0.633849,61.033582,0.656275,-83.026610,-0.912380,327.741848,3.413978,-121.901986,-1.150019,0.000000,0.000000,0.000000,0.000000
43.9500,240.755970,0.601890,252.598328,2.716111,-105.784338,-0.988639,-0.867271,-0.009427,119.082631,1.215129,0.000000,0.000000,0.000000,0.000000
43.9750,554.417506,1.386044,87.775138,0.828067,128.984733,1.402008,10.030147,0.109023,323.940194,3.305512,0.000000,0.000000,0.000000,0.000000
44.0000,382.637000,0.956592,21.045041,0.228750,216.762950,2.044933,104.018275,1.130633,27.284496,0.278413,0.000000,0.000000,0.000000,0.000000
44.0250,151.556855,0.378892,166.128704,1.567252,-123.088706,-1.337921,228.567742,2.511733,-50.041174,-0.521262,0.000000,0.000000,0.000000,0.000000
44.0500,-93.332099,-0.233330,-278.010293,-2.622739,-51.864385,-0.563743,-54.983179,-0.604211,311.516102,3.178736,0.000000,0.000000,0.000000,0.000000
44.0750,36.323191,0.090808,-216.241118,-2.350447,95.747055,0.886547,59.299828,0.651646,86.045981,0.878020,0.000000,0.000000,0.000000,0.000000
44.1000,9.027831,0.022570,170.030548,1.848158,-145.996050,-1.364449,190.738998,2.096033,-252.316513,-2.601201,0.000000,0.000000,0.000000,0.000000
44.1250,-94.824930,-0.237062,-35.764079,-0.388740,99.535828,1.081911,-112.176164,-1.038668,1.620332,0.016367,0.000000,0.000000,0.000000,0.000000
44.1500,303.661711,0.759154,-0.940342,-0.010221,-243.242694,-2.643942,228.973200,2.120122,313.237753,3.196304,0.000000,0.000000,0.000000,0.000000
44.1750,330.414804,0.826037,122.666133,1.333328,-35.403551,-0.384821,-46.505337,-0.430605,261.764838,2.671070,0.000000,0.000000,0.000000,0.000000
44.2000,-444.073589,-1.110184,-296.818741,-3.226291,-82.770238,-0.899676,158.504007,1.467630,-245.017739,-2.500181,0.000000,0.000000,0.000000,0.000000
44.2250,-251.914043,-0.629785,179.213554,1.969380,-203.605511,-1.867940,-64.902847,-0.705466,-93.693621,-0.965914,0.000000,0.000000,0.000000,0.000000
44.2500,134.446247,0.336116,51.343761,0.558084,171.043845,1.879603,-487.764768,-4.516340,402.925990,4.111490,0.000000,0.000000,0.000000,0.000000
44.2750,-282.609129,-0.706523,162.799395,1.769559,0.785407,0.008631,-243.682551,-2.256320,-215.503612,-2.221687,0.000000,0.000000,0.000000,0.000000
44.3000,59.601699,0.149004,-208.481999,-2.266109,-62.144839,-0.675487,225.814029,2.071688,106.781966,1.078606,0.000000,0.000000,0.000000,0.000000
44.3250,242.215209,0.605538,-3.059124,-0.033617,200.183468,2.152510,237.956783,2.183090,-253.174154,-2.557315,0.000000,0.000000,0.000000,0.000000
44.3500,276.700929,0.691752,-138.078004,-1.500848,109.545746,1.177911,67.304525,0.617473,137.927676,1.483093,0.000000,0.000000,0.000000,0.000000
44.3750,-64.247432,-0.160619,65.820099,0.715436,-7.074534,-0.076897,-23.985011,-0.220046,-64.500117,-0.651516,0.000000,0.000000,0.000000,0.000000
44.4000,-160.587622,-0.401469,-98.181526,-1.067191,77.987473,0.847690,68.123715,0.624988,-165.915238,-1.675911,0.000000,0.000000,0.000000,0.000000
44.4250,143.441752,0.358604,-96.988567,-1.054224,-98.702423,-1.072852,178.337261,1.636122,106.389610,1.074643,0.000000,0.000000,0.000000,0.000000
44.4500,3.915690,0.009789,218.911426,2.353886,-70.586004,-0.767239,-313.564703,-3.167320,139.041656,1.275612,0.000000,0.000000,0.000000,0.000000
44.4750,183.029609,0.457574,1.333362,0.014493,24.307689,0.261373,48.008469,0.440445,120.623511,1.218419,0.000000,0.000000,0.000000,0.000000
44.5000,510.211629,1.275529,101.997332,1.108667,201.925870,2.194846,23.786217,0.218222,176.241249,1.780215,0.000000,0.000000,0.000000,0.000000
44.5250,217.286643,0.543217,136.585743,1.484628,-114.660229,-1.232906,99.235309,0.910416,76.572957,0.773464,0.000000,0.000000,0.000000,0.000000
44.5500,180.116228,0.450291,141.190083,1.534675,-156.098624,-1.678480,33.011985,0.333454,171.265769,1.571246,0.000000,0.000000,0.000000,0.000000
44.5750,-50.657225,-0.126643,72.167991,0.784435,-25.280753,-0.274791,94.086348,0.863178,-81.897229,-0.853096,0.000000,0.000000,0.000000,0.000000
44.6000,-295.603202,-0.739008,-120.277909,-1.307369,-64.269272,-0.706256,-28.461972,-0.266000,-152.081664,-1.617890,0.000000,0.000000,0.000000,0.000000
44.6250,-124.038107,-0.310095,185.175230,1.991132,-122.821610,-1.335017,-205.708316,-1.887232,82.735754,0.861831,0.000000,0.000000,0.000000,0.000000
44.6500,-268.216188,-0.670540,-228.123768,-2.479606,-241.314514,-2.594780,86.398625,0.799987,69.729045,0.704334,0.000000,0.000000,0.000000,0.000000
44.6750,-15.280963,-0.038202,136.941796,1.488498,-227.683138,-2.474817,97.755498,0.913603,-55.212134,-0.581180,0.000000,0.000000,0.000000,0.000000
44.7000,25.518302,0.063796,163.436921,1.776488,-98.985562,-1.075930,-180.645884,-1.704206,68.807540,0.716745,0.000000,0.000000,0.000000,0.000000
44.7250,-320.954197,-0.802385,-66.064158,-0.718089,-32.046521,-0.348332,-77.894225,-0.721243,-110.381599,-1.137955,0.000000,0.000000,0.000000,0.000000
44.7500,-298.156998,-0.745392,-158.107986,-1.718565,-79.666365,-0.865939,-33.777452,-0.312754,79.810612,0.840112,0.000000,0.000000,0.000000,0.000000
44.7750,116.128119,0.290320,55.763201,0.606122,-353.615153,-3.843643,-65.506822,-0.612213,421.857296,4.440603,0.000000,0.000000,0.000000,0.000000
44.8000,47.176355,0.117941,-99.119405,-1.065800,20.951336,0.227732,277.583546,2.921932,-180.571066,-1.687580,0.000000,0.000000,0.000000,0.000000
44.8250,502.067280,1.255168,-104.739887,-1.138477,231.007932,2.510956,292.547167,2.708770,39.508421,0.415878,0.000000,0.000000,0.000000,0.000000
44.8500,438.420307,1.096051,10.310022,0.110860,220.968539,2.401832,-40.547222,-0.371993,232.117606,2.417892,0.000000,0.000000,0.000000,0.000000
44.8750,382.979945,0.957450,8.570785,0.093161,107.434782,1.155213,356.558275,3.332320,-99.775452,-1.061441,0.000000,0.000000,0.000000,0.000000
44.9000,-231.884598,-0.579711,-199.092432,-2.164048,51.644603,0.555318,-24.847690,-0.232221,-61.439087,-0.653607,0.000000,0.000000,0.000000,0.000000
44.9250,75.301432,0.188254,100.747995,1.095087,-116.066863,-1.261596,184.233117,1.705862,-128.517263,-1.338721,0.000000,0.000000,0.000000,0.000000
44.9500,154.732299,0.386831,15.712424,0.170787,350.308069,3.807696,121.454713,1.124581,-258.410964,-2.749053,0.000000,0.000000,0.000000,0.000000
44.9750,-127.621113,-0.319053,2.280213,0.024785,2.512810,0.027313,-179.738367,-1.695645,106.611987,1.134170,0.000000,0.000000,0.000000,0.000000
45.0000,157.167185,0.392918,134.619954,1.463260,93.780570,1.019354,-140.940013,-1.329623,62.039111,0.646241,0.000000,0.000000,0.000000,0.000000
45.0250,376.126163,0.940315,47.255386,0.513646,131.783969,1.432434,87.733415,0.835556,99.754041,1.050043,0.000000,0.000000,0.000000,0.000000
45.0500,-296.372333,-0.740931,-64.264389,-0.698526,194.485227,2.113970,-225.052581,-2.143358,-174.043779,-1.812956,0.000000,0.000000,0.000000,0.000000
45.0750,-133.469653,-0.333674,-61.793841,-0.671672,-19.788780,-0.215095,39.689237,0.381627,-93.325677,-0.982376,0.000000,0.000000,0.000000,0.000000
45.1000,152.709897,0.381775,180.327621,1.981622,188.129585,2.044887,-273.956488,-2.584495,18.849743,0.200529,0.000000,0.000000,0.000000,0.000000
45.1250,-357.259506,-0.893149,76.719410,0.833907,-156.378932,-1.699771,-223.345909,-2.107037,-50.065271,-0.532609,0.000000,0.000000,0.000000,0.000000
45.1500,5.428684,0.013572,184.435523,2.004734,-248.060656,-2.696311,107.992481,1.038389,-83.744775,-0.872341,0.000000,0.000000,0.000000,0.000000
45.1750,25.402130,0.063505,-127.663879,-1.387651,41.879794,0.455215,-75.990999,-0.737777,275.562464,2.900658,0.000000,0.000000,0.000000,0.000000
45.2000,239.714513,0.599286,-34.312845,-0.372966,-18.378602,-0.199767,104.807491,0.998167,243.689208,2.512260,0.000000,0.000000,0.000000,0.000000
45.2250,-231.193601,-0.577984,-11.128299,-0.120960,-14.567833,-0.158346,-185.120519,-1.780005,-13.084129,-0.137728,0.000000,0.000000,0.000000,0.000000
45.2500,-262.906754,-0.657267,-296.138775,-3.218900,184.195277,2.002123,69.842146,0.678079,-102.799232,-1.105368,0.000000,0.000000,0.000000,0.000000
45.2750,152.897327,0.382243,-135.199292,-1.469558,270.942879,2.556065,-115.258954,-1.252815,125.296480,1.347274,0.000000,0.000000,0.000000,0.000000
45.3000,49.342766,0.123357,138.328383,1.503569,-126.607549,-1.376169,94.029452,0.921857,-79.049941,-0.868681,0.000000,0.000000,0.000000,0.000000
45.3250,217.801522,0.544504,33.297376,0.361928,-39.355337,-0.427775,171.999722,1.669900,56.416135,0.613219,0.000000,0.000000,0.000000,0.000000
45.3500,510.018124,1.275045,-9.474705,-0.091103,142.208198,1.545741,-125.511490,-1.364255,460.480755,5.005226,0.000000,0.000000,0.000000,0.000000
45.3750,234.406229,0.586016,124.640072,1.221961,204.249259,2.220101,10.945784,0.118976,41.458897,0.450640,0.000000,0.000000,0.000000,0.000000
45.4000,239.319648,0.598299,117.579074,1.130568,76.400853,0.830444,185.481181,2.016100,-117.279463,-1.274777,0.000000,0.000000,0.000000,0.000000
45.4250,-111.468232,-0.278671,34.697035,0.377142,-351.571317,-3.348298,147.781752,1.606323,100.951102,1.085496,0.000000,0.000000,0.000000,0.000000
45.4500,-222.603528,-0.556509,20.811038,0.226207,-106.105937,-1.020249,174.802983,1.900032,-287.739251,-3.093970,0.000000,0.000000,0.000000,0.000000
45.4750,-89.933385,-0.224833,-147.810646,-1.606637,74.528380,0.709794,163.883239,1.781340,-83.553062,-0.908185,0.000000,0.000000,0.000000,0.000000
45.5000,-240.034486,-0.600086,93.361301,0.897705,-50.799075,-0.552164,52.924713,0.575269,-248.472680,-2.671749,0.000000,0.000000,0.000000,0.000000
45.5250,-107.543720,-0.268859,114.076583,1.107540,-248.194716,-2.697769,58.526356,0.636156,-44.344757,-0.476825,0.000000,0.000000,0.000000,0.000000
45.5500,12.793135,0.031983,211.518038,2.033827,-317.097888,-3.446716,87.923897,0.955695,-13.039896,-0.141738,0.000000,0.000000,0.000000,0.000000
45.5750,-321.745940,-0.804365,-98.748063,-0.949501,-82.808242,-0.890411,36.768905,0.399662,-171.140249,-1.860220,0.000000,0.000000,0.000000,0.000000
45.6000,-245.399973,-0.613500,173.496118,1.668232,-376.667604,-4.050189,18.813182,0.204491,-22.858871,-0.253987,0.000000,0.000000,0.000000,0.000000
45.6250,-58.331476,-0.145829,-10.239107,-0.097515,66.078395,0.726136,-44.619071,-0.484990,3.989963,0.042903,0.000000,0.000000,0.000000,0.000000
45.6500,-87.272922,-0.218182,-75.931060,-0.834407,54.631333,0.520298,-123.743668,-1.345040,65.085040,0.699839,0.000000,0.000000,0.000000,0.000000
45.6750,482.281241,1.205703,-93.511074,-0.890582,262.124720,2.880491,306.039366,3.326515,-0.961851,-0.010455,0.000000,0.000000,0.000000,0.000000
45.7000,488.081918,1.220205,201.908262,1.922936,121.612809,1.336404,-2.942044,-0.031979,64.555147,0.694141,0.000000,0.000000,0.000000,0.000000
45.7250,376.651658,0.941629,-189.466941,-1.821798,231.309332,2.514232,22.540099,0.245001,385.302618,4.098964,0.000000,0.000000,0.000000,0.000000
45.7500,-184.550717,-0.461377,-195.307310,-2.122906,70.593573,0.672320,-121.993042,-1.326011,-49.602214,-0.522129,0.000000,0.000000,0.000000,0.000000
45.7750,128.688480,0.321721,-61.420590,-0.584958,-67.099319,-0.729340,-23.056589,-0.250615,348.783762,3.633164,0.000000,0.000000,0.000000,0.000000
45.8000,162.037183,0.405093,-233.817877,-2.248249,195.343545,2.123299,64.814721,0.704508,196.445912,2.067852,0.000000,0.000000,0.000000,0.000000
45.8250,-24.587422,-0.061469,94.440380,1.026526,-163.669273,-1.544050,142.281327,1.546536,-117.450548,-1.236322,0.000000,0.000000,0.000000,0.000000
45.8500,144.746082,0.361865,152.246943,1.449971,-59.753344,-0.649493,13.947971,0.151608,68.362828,0.712113,0.000000,0.000000,0.000000,0.000000
45.8750,217.875444,0.544689,18.751396,0.176900,-166.991017,-1.815120,99.093088,1.054182,220.741129,2.399360,0.000000,0.000000,0.000000,0.000000
45.9000,-132.134135,-0.330335,-58.995658,-0.551361,-26.468373,-0.287700,76.015747,0.826258,-95.719786,-1.007577,0.000000,0.000000,0.000000,0.000000
45.9250,-209.862568,-0.524656,-153.531538,-1.434874,-43.795781,-0.476041,85.171572,0.925778,-120.074063,-1.291119,0.000000,0.000000,0.000000,0.000000
45.9500,309.198383,0.772996,-150.822297,-1.409554,47.958802,0.521291,163.365099,1.795221,207.809251,2.164680,0.000000,0.000000,0.000000,0.000000
45.9750,-383.996683,-0.959992,292.956507,2.790062,-246.261896,-2.676760,-132.435251,-1.439514,-330.445702,-3.442143,0.000000,0.000000,0.000000,0.000000
46.0000,-126.767382,-0.316918,-44.025432,-0.415334,-238.582429,-2.593287,-57.202525,-0.621767,215.919611,2.249163,0.000000,0.000000,0.000000,0.000000
46.0250,-45.650095,-0.114125,-85.389245,-0.805559,147.209739,1.600106,22.553826,0.245150,-185.882061,-1.956653,0.000000,0.000000,0.000000,0.000000
46.0500,358.462535,0.896156,349.393008,3.296160,125.041063,1.302511,144.753869,1.573412,-190.249477,-2.067929,0.000000,0.000000,0.000000,0.000000
46.0750,-134.215267,-0.335538,-240.900986,-2.294295,84.547351,0.918993,101.227514,1.100299,-47.290955,-0.497800,0.000000,0.000000,0.000000,0.000000
46.1000,-174.363386,-0.435908,-16.207520,-0.154357,-24.284058,-0.263957,-74.624660,-0.793879,-89.087196,-0.968339,0.000000,0.000000,0.000000,0.000000
46.1250,92.719635,0.231799,-72.761729,-0.692969,-5.630693,-0.061203,221.120401,2.377639,-13.890396,-0.147770,0.000000,0.000000,0.000000,0.000000
46.1500,100.965984,0.252415,119.511185,1.138202,-95.542775,-1.038508,114.085434,1.188390,-62.869418,-0.676015,0.000000,0.000000,0.000000,0.000000
46.1750,444.359043,1.110898,-156.173125,-1.487363,210.412317,2.287090,321.595831,3.385219,16.955153,0.184295,0.000000,0.000000,0.000000,0.000000
46.2000,473.597476,1.183994,-20.403766,-0.194322,260.492829,2.742030,220.842892,2.400466,-5.162374,-0.056113,0.000000,0.000000,0.000000,0.000000
46.2250,374.416396,0.936041,20.066284,0.191107,60.782679,0.646624,226.036823,2.456922,71.624382,0.778526,0.000000,0.000000,0.000000,0.000000
46.2500,137.893861,0.344735,-18.697424,-0.179783,7.198298,0.078242,-51.755567,-0.562561,243.897523,2.567342,0.000000,0.000000,0.000000,0.000000
46.2750,-190.191617,-0.475479,-91.971565,-0.884342,-55.694442,-0.605374,71.684262,0.779177,-83.828999,-0.882411,0.000000,0.000000,0.000000,0.000000
46.3000,-161.480306,-0.403701,-19.122777,-0.182122,-264.525718,-2.875280,159.150685,1.675270,-6.770980,-0.073598,0.000000,0.000000,0.000000,0.000000
46.3250,-2.497575,-0.006244,-59.942090,-0.570877,-187.685807,-1.996658,247.282148,2.687849,40.352673,0.438616,0.000000,0.000000,0.000000,0.000000
46.3500,-336.323473,-0.840809,-164.890181,-1.570383,322.988739,3.436050,-256.521964,-2.788282,-220.050032,-2.391848,0.000000,0.000000,0.000000,0.000000
46.3750,162.984644,0.407462,-63.592238,-0.605640,180.481075,1.899801,104.027599,1.130735,-74.589233,-0.810753,0.000000,0.000000,0.000000,0.000000
46.4000,146.957557,0.367394,10.630970,0.100292,-6.479159,-0.070426,16.117056,0.167886,93.246218,1.013546,0.000000,0.000000,0.000000,0.000000
46.4250,-407.422747,-1.018557,-247.897008,-2.338651,-29.989166,-0.315675,20.398453,0.221722,-176.729825,-1.920976,0.000000,0.000000,0.000000,0.000000
46.4500,-328.717603,-0.821794,-155.875736,-1.456783,236.953103,2.494243,-236.268811,-2.568139,-181.510027,-1.972935,0.000000,0.000000,0.000000,0.000000
46.4750,95.380740,0.238452,376.810434,3.554815,5.439632,0.056079,-244.280048,-2.626667,-19.294385,-0.209722,0.000000,0.000000,0.000000,0.000000
46.5000,-248.022630,-0.620057,-291.727641,-2.752148,-246.623146,-2.596033,24.617074,0.264700,255.383846,2.775911,0.000000,0.000000,0.000000,0.000000
46.5250,344.919926,0.862300,297.440064,2.754075,187.880152,1.977686,91.598658,0.995638,-205.048803,-2.228791,0.000000,0.000000,0.000000,0.000000
46.5500,445.721395,1.114303,-32.681536,-0.302607,172.061500,1.792307,127.515225,1.386035,153.557452,1.651155,0.000000,0.000000,0.000000,0.000000
46.5750,454.430576,1.136076,254.799030,2.359250,15.855816,0.161794,76.420141,0.821722,83.864035,0.901764,0.000000,0.000000,0.000000,0.000000
46.6000,-174.694260,-0.436736,60.787827,0.562850,26.481579,0.270220,-478.868442,-5.149123,228.079700,2.452470,0.000000,0.000000,0.000000,0.000000
46.6250,49.903109,0.124758,152.912337,1.415855,-121.132446,-1.236045,-22.571108,-0.245338,64.185024,0.697663,0.000000,0.000000,0.000000,0.000000
46.6500,141.956632,0.354892,76.449962,0.707870,-149.601259,-1.526543,116.944077,1.271131,147.255163,1.600600,0.000000,0.000000,0.000000,0.000000
46.6750,-21.370130,-0.053425,92.537800,0.856831,-122.563402,-1.263540,165.407717,1.778578,-178.855616,-1.965446,0.000000,0.000000,0.000000,0.000000
46.7000,227.530253,0.568826,129.892070,1.202704,-218.378494,-2.251325,81.420178,0.885002,263.513384,2.833477,0.000000,0.000000,0.000000,0.000000
46.7250,303.699097,0.759248,193.709305,1.793605,2.457050,0.025072,172.583105,1.875903,-66.043512,-0.710145,0.000000,0.000000,0.000000,0.000000
46.7500,-82.190983,-0.205477,-184.574579,-1.724996,119.813496,1.222587,-17.019378,-0.184993,-26.687313,-0.283908,0.000000,0.000000,0.000000,0.000000
46.7750,-159.842337,-0.399606,-108.675934,-1.015663,-139.978776,-1.428355,252.690265,2.746633,-195.949011,-2.106979,0.000000,0.000000,0.000000,0.000000
46.8000,274.843141,0.687108,439.822157,4.110487,-16.902473,-0.172474,88.581426,0.962842,-200.370135,-2.154518,0.000000,0.000000,0.000000,0.000000
46.8250,-238.925573,-0.597314,-275.771856,-2.577307,-217.176628,-2.216088,-73.409805,-0.780955,348.524156,3.829936,0.000000,0.000000,0.000000,0.000000
46.8500,-88.765428,-0.221914,122.594765,1.145745,-214.249153,-2.186216,-209.908205,-2.281611,227.017555,2.441049,0.000000,0.000000,0.000000,0.000000
46.8750,-63.481482,-0.158704,81.474456,0.761444,-107.783405,-1.099831,-40.284892,-0.437879,1.056834,0.011364,0.000000,0.000000,0.000000,0.000000
46.9000,182.545668,0.456364,-35.309849,-0.326943,129.667074,1.323133,31.759424,0.345211,77.617459,0.834596,0.000000,0.000000,0.000000,0.000000
46.9250,-186.377115,-0.465943,-75.776692,-0.708193,-76.100944,-0.776540,-51.945912,-0.552616,47.913322,0.515197,0.000000,0.000000,0.000000,0.000000
46.9500,-183.757272,-0.459393,57.587870,0.538204,-51.596733,-0.526497,-108.601825,-1.180455,-144.209852,-1.567498,0.000000,0.000000,0.000000,0.000000
46.9750,19.903704,0.049759,240.866171,2.251086,-290.991452,-2.939308,107.883988,1.172652,-29.807429,-0.327554,0.000000,0.000000,0.000000,0.000000
47.0000,106.066297,0.265166,252.955584,2.342181,60.987192,0.622318,-224.357687,-2.438671,-4.675972,-0.051384,0.000000,0.000000,0.000000,0.000000
47.0250,302.406043,0.756015,299.508733,2.799147,-175.991856,-1.814349,41.683503,0.453082,187.276658,2.057985,0.000000,0.000000,0.000000,0.000000
47.0500,506.379555,1.265949,137.793897,1.264164,349.715040,3.532475,12.494206,0.134346,-3.361764,-0.036942,0.000000,0.000000,0.000000,0.000000
47.0750,390.164662,0.975412,95.998793,0.897185,66.478023,0.685340,74.835063,0.813425,191.250431,2.078809,0.000000,0.000000,0.000000,0.000000
47.1000,283.169650,0.707924,-166.233210,-1.553581,188.661825,1.944967,100.949565,1.097278,164.961982,1.793065,0.000000,0.000000,0.000000,0.000000
47.1250,-99.502387,-0.248756,-205.214233,-1.917890,170.754720,1.778695,-348.843200,-3.833442,185.671927,1.996472,0.000000,0.000000,0.000000,0.000000
47.1500,-91.566866,-0.228917,160.092606,1.496193,-296.428221,-3.024778,107.801245,1.184629,-97.615712,-1.061040,0.000000,0.000000,0.000000,0.000000
47.1750,33.622402,0.084056,98.840298,0.932456,46.157873,0.470999,17.659486,0.194060,-106.594358,-1.158634,0.000000,0.000000,0.000000,0.000000
47.2000,-162.387369,-0.405968,110.235130,1.030235,-223.579179,-2.304940,-140.780830,-1.547042,81.414120,0.884936,0.000000,0.000000,0.000000,0.000000
47.2250,140.969914,0.352425,-111.478594,-1.041856,26.090983,0.268979,195.563818,2.149053,64.680976,0.703054,0.000000,0.000000,0.000000,0.000000
47.2500,269.558299,0.673896,125.026492,1.168472,-97.539685,-1.005564,140.046523,1.522245,88.728791,0.943923,0.000000,0.000000,0.000000,0.000000
47.2750,-407.160083,-1.017900,-16.523051,-0.154421,-73.726818,-0.760070,-155.576725,-1.709634,-160.574606,-1.745376,0.000000,0.000000,0.000000,0.000000
47.3000,-402.604866,-1.006512,-210.764075,-1.951519,115.258692,1.176109,-220.025107,-2.391577,-20.032864,-0.215407,0.000000,0.000000,0.000000,0.000000
47.3250,150.779435,0.376949,266.777959,2.493252,-102.115392,-1.052736,230.867999,2.509435,-207.355613,-2.253865,0.000000,0.000000,0.000000,0.000000
47.3500,-214.043553,-0.535109,-167.899411,-1.554624,-94.417449,-0.963443,71.158252,0.773459,5.900921,0.064140,0.000000,0.000000,0.000000,0.000000
47.3750,153.137648,0.382844,-37.502812,-0.344062,-13.097516,-0.136432,73.340686,0.797181,90.599905,0.974193,0.000000,0.000000,0.000000,0.000000
47.4000,311.282274,0.778206,-22.596678,-0.207309,40.955434,0.426619,39.500505,0.429353,267.733516,2.878855,0.000000,0.000000,0.000000,0.000000
47.4250,344.964982,0.862412,151.781800,1.392494,-37.149610,-0.382986,366.312246,3.981655,-143.102958,-1.555467,0.000000,0.000000,0.000000,0.000000
47.4500,-44.656567,-0.111641,188.222153,1.726809,-230.793297,-2.379312,-115.558800,-1.256074,125.762441,1.352284,0.000000,0.000000,0.000000,0.000000
47.4750,18.008964,0.045022,349.326617,3.204831,-42.298586,-0.440610,-330.322293,-3.590460,125.785717,1.367236,0.000000,0.000000,0.000000,0.000000
47.5000,65.496347,0.163741,13.472540,0.123601,131.326798,1.340069,35.092260,0.381438,-141.177013,-1.501883,0.000000,0.000000,0.000000,0.000000
47.5250,-53.912896,-0.134782,11.461763,0.105154,-41.630382,-0.424800,-135.720355,-1.491432,55.531773,0.590764,0.000000,0.000000,0.000000,0.000000
47.5500,391.239716,0.978099,-49.099635,-0.450455,136.951557,1.397465,200.966051,2.137937,131.316583,1.427354,0.000000,0.000000,0.000000,0.000000
47.5750,462.960107,1.157400,171.957323,1.577590,49.483749,0.510142,144.021223,1.548615,110.569665,1.201844,0.000000,0.000000,0.000000,0.000000
47.6000,5.031886,0.012580,-209.235399,-1.937365,126.973097,1.295644,137.638448,1.464239,-31.802333,-0.345678,0.000000,0.000000,0.000000,0.000000
47.6250,-31.747348,-0.079368,-208.610883,-1.949634,290.772411,2.997654,-0.920692,-0.009795,-130.939771,-1.423258,0.000000,0.000000,0.000000,0.000000
47.6500,220.405795,0.551014,11.932867,0.110490,114.674034,1.170143,297.738667,3.167433,-147.135408,-1.599298,0.000000,0.000000,0.000000,0.000000
47.6750,-269.773987,-0.674435,-158.089625,-1.463793,-143.624335,-1.465554,307.778028,3.274234,-265.787887,-2.888999,0.000000,0.000000,0.000000,0.000000
47.7000,-165.989613,-0.414974,-2.995019,-0.027991,-383.476132,-3.913022,-187.302592,-1.992581,439.684105,4.831693,0.000000,0.000000,0.000000,0.000000
47.7250,-148.815891,-0.372040,-389.153801,-3.636951,239.225780,2.466245,-216.509148,-2.353360,187.765817,1.997509,0.000000,0.000000,0.000000,0.000000
47.7500,32.606875,0.081517,-7.774158,-0.072656,-272.344569,-2.807676,126.602693,1.346837,211.016518,2.293658,0.000000,0.000000,0.000000,0.000000
47.7750,-1.615507,-0.004039,-236.514083,-2.210412,225.543160,2.301461,90.569328,0.973864,-111.381890,-1.210673,0.000000,0.000000,0.000000,0.000000
47.8000,-147.419648,-0.368549,28.785307,0.269022,150.498486,1.551531,-165.911033,-1.783990,-177.632151,-1.930784,0.000000,0.000000,0.000000,0.000000
47.8250,-14.963997,-0.037410,-267.816395,-2.479781,-70.787707,-0.722324,154.023465,1.656166,78.532896,0.853618,0.000000,0.000000,0.000000,0.000000
47.8500,255.355971,0.638390,246.054210,2.299572,-145.192621,-1.496831,-27.786624,-0.298781,155.761620,1.693061,0.000000,0.000000,0.000000,0.000000
47.8750,267.868580,0.669671,203.588110,1.920643,111.337852,1.159769,-67.759652,-0.728598,49.808755,0.541400,0.000000,0.000000,0.000000,0.000000
47.9000,613.240653,1.533102,259.018288,2.398317,205.136000,2.136833,111.228322,1.196003,33.632818,0.369591,0.000000,0.000000,0.000000,0.000000
47.9250,445.964938,1.114912,234.818197,2.174243,-101.423342,-1.045601,73.114749,0.786180,251.662874,2.765526,0.000000,0.000000,0.000000,0.000000
47.9500,180.102198,0.450255,146.439178,1.355918,-88.932229,-0.907472,-11.144982,-0.119839,135.280588,1.486600,0.000000,0.000000,0.000000,0.000000
47.9750,-110.543802,-0.276360,75.714133,0.701057,-152.817226,-1.591846,169.573282,1.823369,-244.440916,-2.656966,0.000000,0.000000,0.000000,0.000000
48.0000,-77.296187,-0.193240,-88.764161,-0.821890,31.624569,0.322700,-16.413057,-0.176484,0.146014,0.001587,0.000000,0.000000,0.000000,0.000000
48.0250,3.939812,0.009850,182.310527,1.703837,4.554934,0.046958,-223.130565,-2.399253,-45.769378,-0.497493,0.000000,0.000000,0.000000,0.000000
48.0500,-132.844485,-0.332111,172.623790,1.613306,98.022236,1.000227,-112.311677,-1.234194,-262.460462,-2.852831,0.000000,0.000000,0.000000,0.000000
48.0750,307.867345,0.769668,3.080489,0.028790,258.358943,2.778053,-166.919524,-1.720820,190.868191,2.097453,0.000000,0.000000,0.000000,0.000000
48.1000,223.073209,0.557683,146.036179,1.377700,220.951047,2.254603,122.141461,1.313349,-238.565823,-2.621602,0.000000,0.000000,0.000000,0.000000
48.1250,-502.122437,-1.255306,-196.364494,-1.870138,-135.435880,-1.440807,117.007070,1.193950,-240.918720,-2.618682,0.000000,0.000000,0.000000,0.000000
48.1500,-446.168927,-1.115422,-118.216078,-1.125867,-45.584796,-0.469946,-49.458157,-0.531808,-229.607602,-2.495735,0.000000,0.000000,0.000000,0.000000
48.1750,120.140833,0.300352,-40.564804,-0.386331,35.725214,0.384142,260.140638,2.681862,-76.868458,-0.835527,0.000000,0.000000,0.000000,0.000000
48.2000,-206.565986,-0.516415,134.877740,1.284550,-217.230105,-2.335808,-255.752094,-2.692127,-1.381147,-0.015346,0.000000,0.000000,0.000000,0.000000
48.2250,-69.974303,-0.174936,-212.491017,-2.023724,77.312273,0.831315,-2.835296,-0.031503,111.700587,1.175796,0.000000,0.000000,0.000000,0.000000
48.2500,237.702666,0.594257,57.733640,0.549844,-29.517148,-0.317389,82.291382,0.904301,132.624532,1.396048,0.000000,0.000000,0.000000,0.000000
48.2750,226.148273,0.565371,74.627653,0.704034,71.137236,0.773231,117.094666,1.272768,-2.011292,-0.020735,0.000000,0.000000,0.000000,0.000000
48.3000,-6.706457,-0.016766,-123.637202,-1.166389,-14.869963,-0.161630,94.134546,0.960557,29.575068,0.321468,0.000000,0.000000,0.000000,0.000000
48.3250,-52.167343,-0.130418,-94.680716,-0.884867,-185.863870,-1.998536,148.043242,1.510645,86.249430,0.937494,0.000000,0.000000,0.000000,0.000000
48.3500,276.690283,0.691726,353.832918,3.306850,-346.676705,-3.537517,-193.189239,-2.099883,441.069963,4.794239,0.000000,0.000000,0.000000,0.000000
48.3750,-104.890505,-0.262226,23.979429,0.224107,-4.322370,-0.044106,-65.313050,-0.709924,-3.584167,-0.039386,0.000000,0.000000,0.000000,0.000000
48.4000,159.120555,0.397801,282.664921,2.666650,-20.336719,-0.221051,198.788856,2.184493,-242.854923,-2.503659,0.000000,0.000000,0.000000,0.000000
48.4250,516.411109,1.291028,58.444208,0.551360,-13.166619,-0.143115,297.305365,3.231580,245.611447,2.532077,0.000000,0.000000,0.000000,0.000000
48.4500,102.457645,0.256144,220.726477,2.373403,-155.974210,-1.471455,-82.452339,-0.896221,111.946885,1.142315,0.000000,0.000000,0.000000,0.000000
48.4750,26.123223,0.065308,-36.513036,-0.396881,46.279941,0.440761,-129.779293,-1.410644,77.614427,0.791984,0.000000,0.000000,0.000000,0.000000
48.5000,133.057360,0.332643,46.594309,0.506460,-14.584972,-0.136308,-30.834320,-0.338839,74.361726,0.758793,0.000000,0.000000,0.000000,0.000000
48.5250,-240.150488,-0.600376,-187.819943,-2.041521,-11.781260,-0.129464,-34.139554,-0.322071,-37.800723,-0.393758,0.000000,0.000000,0.000000,0.000000
48.5500,-87.809542,-0.219524,-89.193840,-0.969498,48.278686,0.530535,-159.305044,-1.502878,175.505195,1.828179,0.000000,0.000000,0.000000,0.000000
48.5750,-266.646897,-0.666617,-111.202734,-1.049082,17.542454,0.190679,-267.972966,-2.944758,181.180378,1.969352,0.000000,0.000000,0.000000,0.000000
48.6000,-59.742621,-0.149357,36.037856,0.396020,-143.189357,-1.556406,174.868514,1.665414,-39.971931,-0.420757,0.000000,0.000000,0.000000,0.000000
48.6250,40.701630,0.101754,47.812553,0.519702,-54.998042,-0.597805,-43.192524,-0.407477,40.621416,0.436789,0.000000,0.000000,0.000000,0.000000
48.6500,-196.290496,-0.490726,176.398859,1.938449,26.277959,0.285630,5.727855,0.053036,-387.156270,-4.075329,0.000000,0.000000,0.000000,0.000000
48.6750,-200.952877,-0.502382,-107.722383,-1.170895,-41.663420,-0.457840,20.329400,0.191787,-17.977523,-0.187266,0.000000,0.000000,0.000000,0.000000
48.7000,224.314804,0.560787,-168.480079,-1.831305,142.277645,1.563491,32.552774,0.304232,264.828843,2.702335,0.000000,0.000000,0.000000,0.000000
48.7250,219.146194,0.547865,-175.381428,-1.906320,227.776112,2.503034,-120.492981,-1.242196,271.160776,2.487714,0.000000,0.000000,0.000000,0.000000
48.7500,505.380832,1.263452,77.449974,0.851099,52.222254,0.567633,194.137638,1.781079,186.679558,1.885652,0.000000,0.000000,0.000000,0.000000
48.7750,430.181448,1.075454,-268.088966,-2.914011,186.152019,2.045627,375.662902,3.446449,95.825655,0.977813,0.000000,0.000000,0.000000,0.000000
48.8000,273.337880,0.683345,110.394597,1.199941,22.133906,0.243230,-25.482405,-0.233784,170.536043,1.722586,0.000000,0.000000,0.000000,0.000000
48.8250,-158.453396,-0.396133,118.588633,1.289007,-97.738314,-1.074047,-195.158765,-1.807026,18.299772,0.184846,0.000000,0.000000,0.000000,0.000000
48.8500,12.931983,0.032330,133.752970,1.453837,-134.138219,-1.474046,-137.442189,-1.260938,95.354764,0.973008,0.000000,0.000000,0.000000,0.000000
48.8750,62.280084,0.155700,-0.175360,-0.001906,83.656309,0.919300,310.480130,2.874816,-286.581818,-2.985227,0.000000,0.000000,0.000000,0.000000
48.9000,-150.256736,-0.375642,133.043545,1.462017,-87.955569,-0.956039,-137.126381,-1.293645,-66.623603,-0.686841,0.000000,0.000000,0.000000,0.000000
48.9250,318.380227,0.795951,228.611593,2.484909,15.207105,0.167111,309.708415,2.894471,-196.954009,-2.030454,0.000000,0.000000,0.000000,0.000000
48.9500,351.805377,0.879513,-182.217889,-1.980629,157.477086,1.730517,179.655746,1.663479,123.730218,1.330432,0.000000,0.000000,0.000000,0.000000
48.9750,-392.458893,-0.981147,-97.111883,-1.055564,28.375283,0.311816,-100.193881,-0.936391,-185.150953,-1.908773,0.000000,0.000000,0.000000,0.000000
49.0000,-206.569924,-0.516425,-341.777788,-3.714976,92.829440,1.020104,-7.089530,-0.065644,4.941345,0.050422,0.000000,0.000000,0.000000,0.000000
49.0250,89.410575,0.223526,156.462746,1.700682,114.172841,1.241009,-129.386176,-1.187029,-83.660765,-0.890008,0.000000,0.000000,0.000000,0.000000
49.0500,-269.625324,-0.674063,24.324188,0.264393,38.619370,0.419776,-79.322356,-0.727728,-204.102485,-2.061641,0.000000,0.000000,0.000000,0.000000
49.0750,48.787705,0.121969,-42.573635,-0.462757,2.343681,0.025475,40.559059,0.372101,104.960963,1.071030,0.000000,0.000000,0.000000,0.000000
49.1000,198.249487,0.495624,-152.102105,-1.653284,-18.629992,-0.202500,367.338663,3.370079,24.856957,0.261652,0.000000,0.000000,0.000000,0.000000
49.1250,355.060719,0.887652,324.628336,3.528569,178.642816,1.941770,-58.653430,-0.538105,-87.220823,-0.890008,0.000000,0.000000,0.000000,0.000000
49.1500,-167.938025,-0.419845,-102.058318,-1.097401,-104.480926,-1.135662,121.307598,1.112914,-110.944204,-1.120649,0.000000,0.000000,0.000000,0.000000
49.1750,-184.381539,-0.460954,-68.707466,-0.738790,-5.607339,-0.060949,-1.351667,-0.012873,-128.813896,-1.370361,0.000000,0.000000,0.000000,0.000000
49.2000,162.053434,0.405134,-122.448819,-1.330965,-90.097061,-0.979316,173.010558,1.696182,217.558052,2.314447,0.000000,0.000000,0.000000,0.000000
49.2250,39.546216,0.098866,173.516593,1.886050,-13.421165,-0.145882,-49.497587,-0.490075,-74.695392,-0.762198,0.000000,0.000000,0.000000,0.000000
49.2500,237.143683,0.592859,-175.459912,-1.907173,76.090629,0.827072,126.451895,1.204304,203.052741,2.160136,0.000000,0.000000,0.000000,0.000000
49.2750,519.310605,1.298277,244.683901,2.659608,-94.340515,-1.025440,210.037055,2.000353,179.640042,1.890948,0.000000,0.000000,0.000000,0.000000
49.3000,208.998665,0.522497,-100.410841,-1.091422,-65.669020,-0.713794,307.340351,2.927051,87.084773,0.907133,0.000000,0.000000,0.000000,0.000000
49.3250,175.584148,0.438960,109.480014,1.190000,-83.563491,-0.908299,171.380476,1.647889,53.974260,0.568150,0.000000,0.000000,0.000000,0.000000
49.3500,-7.865957,-0.019665,49.398204,0.536937,102.544258,1.114612,32.669504,0.314130,-145.058060,-1.526927,0.000000,0.000000,0.000000,0.000000
49.3750,-300.455191,-0.751138,-290.166205,-3.153980,64.471860,0.700781,-158.061099,-1.505344,105.775852,1.125275,0.000000,0.000000,0.000000,0.000000
49.4000,-133.279354,-0.333198,90.822822,0.987205,-236.400997,-2.569576,193.543251,2.103731,-253.177060,-2.434395,0.000000,0.000000,0.000000,0.000000
49.4250,-278.251240,-0.695628,167.841646,1.824366,-233.780968,-2.541097,-288.910371,-2.777984,69.577810,0.748148,0.000000,0.000000,0.000000,0.000000
49.4500,-2.335452,-0.005839,-205.492816,-2.209600,152.363513,1.656125,86.984151,0.836386,-1.182449,-0.012715,0.000000,0.000000,0.000000,0.000000
49.4750,13.005144,0.032513,205.014637,2.228420,-188.666235,-2.050720,12.694007,0.122058,45.570798,0.479693,0.000000,0.000000,0.000000,0.000000
49.5000,-356.877108,-0.892193,-149.609295,-1.626188,-86.131195,-0.936209,-6.339396,-0.060375,-142.484551,-1.499837,0.000000,0.000000,0.000000,0.000000
49.5250,-255.184188,-0.637960,-288.907992,-3.140304,104.506223,1.135937,5.562337,0.054003,-45.043737,-0.479189,0.000000,0.000000,0.000000,0.000000
49.5500,155.920543,0.389801,0.970599,0.010550,140.640813,1.528704,-61.355371,-0.595683,96.189107,1.023288,0.000000,0.000000,0.000000,0.000000
49.5750,26.703745,0.066759,76.767415,0.834428,57.924421,0.629613,10.671602,0.102612,-90.083325,-0.958333,0.000000,0.000000,0.000000,0.000000
49.6000,526.518552,1.316296,178.260166,1.937611,76.211098,0.837485,209.830935,2.037194,149.811945,1.593744,0.000000,0.000000,0.000000,0.000000
49.6250,452.138281,1.130346,69.986681,0.760725,144.694805,1.572770,178.654457,1.717831,26.383172,0.286774,0.000000,0.000000,0.000000,0.000000
49.6500,366.095436,0.915239,-6.517308,-0.070840,73.957517,0.803886,101.057967,0.962457,260.290916,2.798827,0.000000,0.000000,0.000000,0.000000
49.6750,-299.451064,-0.748628,-148.298487,-1.611940,-18.083357,-0.196558,-43.373383,-0.421101,-17.728023,-0.190624,0.000000,0.000000,0.000000,0.000000
49.7000,95.403747,0.238509,-40.733507,-0.442756,163.853857,1.781020,13.135780,0.125103,-63.780439,-0.678515,0.000000,0.000000,0.000000,0.000000
49.7250,151.263516,0.378159,249.152817,2.708183,182.580637,1.984572,-114.297495,-1.099014,-144.320671,-1.535326,0.000000,0.000000,0.000000,0.000000
49.7500,-107.757290,-0.269393,-6.649003,-0.072272,98.684491,1.072658,-113.504422,-1.101985,-79.127690,-0.841784,0.000000,0.000000,0.000000,0.000000
49.7750,148.692259,0.371731,219.093120,2.381447,173.485245,1.885709,-398.056617,-3.864627,140.266136,1.524632,0.000000,0.000000,0.000000,0.000000
49.8000,318.356502,0.795891,-106.951056,-1.162511,320.780236,3.486742,165.910514,1.610782,-80.957051,-0.879968,0.000000,0.000000,0.000000,0.000000
49.8250,-204.890164,-0.512225,-74.797712,-0.813019,-147.847305,-1.607036,-123.790194,-1.178954,168.658229,1.833242,0.000000,0.000000,0.000000,0.000000
49.8500,-113.173795,-0.282934,-150.294492,-1.633636,45.826334,0.498112,46.578312,0.443603,-69.668106,-0.749119,0.000000,0.000000,0.000000,0.000000
49.8750,271.572525,0.678931,234.235841,2.546042,185.715393,2.018646,18.193555,0.176636,-115.937831,-1.246643,0.000000,0.000000,0.000000,0.000000
49.9000,-321.788963,-0.804472,116.242047,1.263501,-0.274436,-0.002983,-258.858766,-2.465322,-177.993558,-1.893548,0.000000,0.000000,0.000000,0.000000
49.9250,-137.381621,-0.343454,-146.233250,-1.589492,-16.768304,-0.182264,15.015357,0.144378,18.475060,0.196543,0.000000,0.000000,0.000000,0.000000
49.9500,39.049776,0.097624,-43.577549,-0.473669,67.500592,0.733702,157.094186,1.510521,-119.866989,-1.275181,0.000000,0.000000,0.000000,0.000000
49.9750,306.151900,0.765380,59.229008,0.643794,-84.297705,-0.916279,-51.550781,-0.495681,382.701605,3.986475,0.000000,0.000000,0.000000,0.000000
50.0000,-232.261060,-0.580653,-139.843268,-1.520036,-79.201640,-0.860887,-3.700637,-0.035244,-23.526603,-0.245069,0.000000,0.000000,0.000000,0.000000
50.0250,-223.163172,-0.557908,-41.460639,-0.391138,-247.411021,-2.689250,195.662378,2.126765,-121.784377,-1.281941,0.000000,0.000000,0.000000,0.000000
50.0500,99.465439,0.248664,-24.912628,-0.239544,89.066482,0.968114,-25.207560,-0.273995,127.162026,1.338548,0.000000,0.000000,0.000000,0.000000
50.0750,58.749958,0.146875,-159.560292,-1.734351,350.845762,3.813541,74.846949,0.706103,-201.261734,-2.053691,0.000000,0.000000,0.000000,0.000000
50.1000,278.420750,0.696052,11.637875,0.126499,-59.131728,-0.642736,182.841556,1.741348,107.343715,1.106636,0.000000,0.000000,0.000000,0.000000
50.1250,433.029428,1.082574,140.994061,1.532544,-86.623635,-0.824987,171.017213,1.858883,217.848947,2.269260,0.000000,0.000000,0.000000,0.000000
50.1500,296.109972,0.740275,163.589802,1.557998,-117.174250,-1.273633,-57.754181,-0.627763,272.668282,2.840295,0.000000,0.000000,0.000000,0.000000
50.1750,220.614479,0.551536,209.173814,2.273628,-164.990640,-1.793377,61.830450,0.583306,87.643256,0.912951,0.000000,0.000000,0.000000,0.000000
50.2000,-161.098969,-0.402747,-350.051489,-3.302373,54.032596,0.587311,-174.078315,-1.813316,282.478844,3.070422,0.000000,0.000000,0.000000,0.000000
50.2250,-176.592563,-0.441481,151.221791,1.426621,58.369738,0.641426,-144.708007,-1.572913,-207.330928,-2.159697,0.000000,0.000000,0.000000,0.000000
50.2500,-87.611474,-0.219029,-270.392634,-2.971348,105.517283,1.004927,110.927326,1.205732,-42.747472,-0.445286,0.000000,0.000000,0.000000,0.000000
50.2750,-306.748105,-0.766870,-157.027985,-1.706826,-310.688244,-2.876743,-73.590865,-0.808691,249.943739,2.603581,0.000000,0.000000,0.000000,0.000000
50.3000,20.695685,0.051739,195.918031,2.129544,500.677642,4.679230,-26.097616,-0.283670,-591.825260,-6.164846,0.000000,0.000000,0.000000,0.000000
50.3250,94.797541,0.236994,264.117012,2.445528,44.615113,0.484947,-111.099177,-1.207600,-76.753224,-0.807929,0.000000,0.000000,0.000000,0.000000
50.3500,-343.294608,-0.858237,-231.880512,-2.147042,281.199711,3.056519,-187.650838,-2.039683,-280.473440,-2.921598,0.000000,0.000000,0.000000,0.000000
50.3750,-244.024604,-0.610062,-41.972797,-0.392269,-24.161634,-0.262626,-201.843558,-2.193952,-31.154314,-0.324524,0.000000,0.000000,0.000000,0.000000
50.4000,-17.805927,-0.044515,-219.724097,-2.414551,-74.286083,-0.700812,21.695210,0.235817,256.271854,2.669498,0.000000,0.000000,0.000000,0.000000
50.4250,-129.068789,-0.322672,84.404924,0.774357,-192.772212,-2.118376,-75.293330,-0.818406,46.700626,0.486465,0.000000,0.000000,0.000000,0.000000
50.4500,482.547644,1.206369,137.938265,1.499329,248.052351,2.275710,-9.634285,-0.105871,117.730944,1.213721,0.000000,0.000000,0.000000,0.000000
50.4750,469.806000,1.174515,-130.378522,-1.207209,254.727427,2.799202,244.708552,2.659876,85.574980,0.891406,0.000000,0.000000,0.000000,0.000000
50.5000,473.474386,1.183686,348.803024,3.259841,-105.176322,-1.155784,52.172736,0.549187,161.432245,1.735831,0.000000,0.000000,0.000000,0.000000
50.5250,-254.230967,-0.635577,-73.893952,-0.697113,-264.659438,-2.876733,-126.439956,-1.389450,195.128667,2.075837,0.000000,0.000000,0.000000,0.000000
50.5500,78.867662,0.197169,-27.581541,-0.257771,46.227992,0.502478,91.448529,1.004929,12.554362,0.133557,0.000000,0.000000,0.000000,0.000000
50.5750,186.112341,0.465281,-212.551893,-2.005207,130.985303,1.423753,260.893993,2.866967,47.255856,0.502722,0.000000,0.000000,0.000000,0.000000
50.6000,-35.603490,-0.089009,174.799544,1.618514,128.722561,1.399158,-295.184072,-3.208523,31.237009,0.328811,0.000000,0.000000,0.000000,0.000000
50.6250,189.463646,0.473659,63.367185,0.592217,13.244922,0.143967,-52.713703,-0.572975,100.402527,1.056869,0.000000,0.000000,0.000000,0.000000
50.6500,141.295083,0.353238,369.891756,3.522779,-74.589150,-0.810752,138.349082,1.503794,-244.447850,-2.573135,0.000000,0.000000,0.000000,0.000000
50.6750,-198.420847,-0.496052,99.852889,0.950980,-119.618580,-1.300202,-13.080969,-0.142184,-115.460582,-1.215375,0.000000,0.000000,0.000000,0.000000
50.7000,-161.125943,-0.402815,-154.695596,-1.432367,-208.475986,-2.266043,149.794265,1.628199,0.817257,0.008603,0.000000,0.000000,0.000000,0.000000
50.7250,277.436134,0.693590,54.467206,0.504326,237.863106,2.530459,165.493738,1.798845,-176.700209,-1.920654,0.000000,0.000000,0.000000,0.000000
50.7500,-179.025759,-0.447564,-208.774645,-1.951165,116.155073,1.262555,-39.455068,-0.428859,-55.746143,-0.586802,0.000000,0.000000,0.000000,0.000000
50.7750,-148.357405,-0.370894,-101.744025,-0.959849,-19.714774,-0.214291,226.121283,2.457840,-254.697686,-2.681028,0.000000,0.000000,0.000000,0.000000
50.8000,-32.564921,-0.081412,-150.117039,-1.416198,-211.979686,-2.304127,260.530318,2.713857,139.404817,1.515270,0.000000,0.000000,0.000000,0.000000
50.8250,263.282462,0.658206,-37.168238,-0.347367,-242.669124,-2.637708,287.687956,2.996750,228.027498,2.478560,0.000000,0.000000,0.000000,0.000000
